Workbook
Name cause: #REF!
Name cause: #REF!
Name Comments: #REF!
Name Comments: #REF!
Name Domain: #REF!
Name Domain: #REF!
Name Ltst_TestLog: "'Test log'"
Name NullOption: #REF!
Name NullOption: #REF!
Name Severity: #REF!
Name Severity: #REF!
Name State_of_Origin: #REF!
Name State_of_Origin: #REF!
Name ValidDepts2: [1]Dropdown용!$A$1:$A$2
Name 변경여부: #REF!
Name 변경여부: #REF!
Name 속성유형: #REF!
Name 속성유형: #REF!
Name 수정여부: [2]기준표!$A$10:$A$14
Name 작업상태: #REF!
Name 작업상태: #REF!
Name 작업상태: #REF!
Name 작업상태: [3]코드값!$A$4:$A$8
Name 작업상태: [3]코드값!$A$4:$A$8
Name 작업상태: #REF!
Name 작업상태2: #REF!
Name 작업상태3: #REF!
Name 적용여부: [2]기준표!$A$4:$A$6
Name 추가변경여부: #REF!
Name 추가변경여부: #REF!
Name 카드관리부서: #REF!
Name 카드관리부서: #REF!
Name 카드캐피탈구분: #REF!
Name 카드캐피탈구분: #REF!
Name 캐피탈관리부서: #REF!
Name 캐피탈관리부서: #REF!

Sheet 표지
A4: WBS
A6: 투자자산관리시스템 재구축(1단계)

Sheet 개정이력
B2: WBS
B3: 범위 | E3: 프로젝트관리 | K3: 문서코드 | N3: PP01
B4: 단계 | E4: 준비 | K4: 작 성 자 | N4: 곽병철 | T4: 작 성 일 | W4: =MAX(D9:G30) -> 46150
B7: 개정 이력
B8: 버전 | D8: 변경일 | H8: 변경사유 | K8: 변경내용 | W8: 작성자 | Z8: 승인자
B9: 0.1 | D9: 46139 | H9: 최초작성 | K9: 최초작성 | W9: 곽병철 | Z9: 이동현
B10: 0.3 | D10: 46150 | H10: 착수보고 | K10: 착수보고용 | W10: 곽병철 | Z10: 이동현
B32: * 문서 버전 : 최초 발주사 승인 버전은 1.0으로 시작하되, 변경 사항이 오류수정 등 미비할 경우
B33: 소수점 자리, 내용 추가 등 중대한 변경이 발생한 경우는 정수 자리의 버전번호 증가로 구분
B34: * 변경 사유 : 최초작성/내용수정/내용추가/내용삭제로 구분하여 기입

Sheet 진척율보고서
A1: 프로젝트 진척률 보고서
A3: 1. 프로젝트 명 | C3: 투자자산관리시스템 재구축(1단계) | G3: 실적 측정 기준일 | H3: 46269
A4: 2. 프로젝트 일정 | C4: 누적 진척률 계산기간 | E4: 업무별 가중치
C5: 시작일 | D5: 종료일 | E5: =C9 -> 사업관리 | F5: =C10 -> 프로젝트 진행관리 | I5: 가중치합
C6: 46139 | D6: 46564 | E6: 0.3 | F6: 0.7 | I6: =SUM(E6:H6) -> 1
A7: 3. 프로젝트 진척율 | C7: 구분 | D7: 금주 누적 진척률 | H7: 비 고
D8: 계획진척률 | E8: 실적진척률 | F8: 진척달성률 | G8: 차이 | H8: ○ 실적 진척률 부여 기준(각 Task)
C9: 사업관리 | D9: ='1. 사업관리'!M3 -> 0.48181818 | E9: ='1. 사업관리'!Q3 -> 0.48181818 | F9: =E9/D9 -> 1 | G9: =E9-D9 -> 0 | H9: - 미착수 : 0% - 착수 : 20% - 수행(Draft 작성) : 70% - PL검토 : 90% - PM확인 : 100%
C10: 프로젝트 진행관리 | D10: ='2. 프로젝트 진행관리'!M3 -> 0.060283688 | E10: ='2. 프로젝트 진행관리'!Q3 -> 0.060283688 | F10: =E10/D10 -> 1 | G10: =E10-D10 -> 0
C11: 전체 | D11: =D9*E6+D10*F6 -> 0.18674404 | E11: =E9*E6+E10*F6 -> 0.18674404 | F11: =E11/D11 -> 1 | G11: =E11-D11 -> 0 | H11: ○ 업무별 가중치의 합은 반드시 100%

Sheet 1. 사업관리
A1: 1. 사업관리(PMO) WBS
K3: 계획진척률(누적) | M3: =COUNTIF(N6:N184, "100%")/COUNT(K6:K184) -> 0.48181818 | O3: 실적진척률(누적) | Q3: =COUNTIF(P6:P184, "100%")/COUNT(K6:K184) -> 0.48181818
K4: 계획 | O4: 실적
A5: NO | B5: 단계 | C5: Activity | D5: Task | F5: Leaf Task | G5: Task 속성 | H5: 산출물 | I5: 자원 | J5: 진행상태 | K5: 계획시작일 | L5: 계획종료일 | M5: 기간 | N5: 계획진척률 | O5: 실적 진척 상태 | P5: 실적 진척률 | Q5: 실제시작일 | R5: 예상종료일 | S5: 실제종료일
A6: 1 | B6: 주요 Milestone 관리 | J6: =IF(OR(ISBLANK($K$11), ISBLANK($L6)),"",IF($P6<$N6, "지연", "")) | M6: =IF(OR(ISBLANK($K6), ISBLANK($L6)),"",NETWORKDAYS($K6,$L6))
A7: 2 | C7: 계약서류준비 | J7: =IF(OR(ISBLANK($K$11), ISBLANK($L7)),"",IF($P7<$N7, "지연", "")) | M7: =IF(OR(ISBLANK($K7), ISBLANK($L7)),"",NETWORKDAYS($K7,$L7)) | P7: =IF($O7="PM확인(100%)", 1, IF($O7="PL검토(90%)", 0.9, IF($O7="수행(70%)", 0.7, IF($O7="착수(20%)", 0.2, IF($O7="미착수(0%)",0,"")))))
A8: 3 | D8: 계약서류 | F8: ○ | G8: 작업 | H8: 계약서 | I8: 기획팀 | J8: =IF(OR(ISBLANK($K8), ISBLANK($L8)),"",IF($P8<$N8, "지연", "")) | K8: 46139 | L8: 46139 | M8: =IF(OR(ISBLANK($K8), ISBLANK($L8)),"",NETWORKDAYS($K8,$L8)) -> 1 | N8: 1 | O8: PM확인(100%) | P8: =IF($O8="PM확인(100%)", 1, IF($O8="PL검토(90%)", 0.9, IF($O8="수행(70%)", 0.7, IF($O8="착수(20%)", 0.2, IF($O8="미착수(0%)",0,""))))) -> 1 | Q8: 46139 | R8: 46139 | S8: 46139
A9: 4 | C9: 정기/비정기 보고 및 워크숍 | J9: =IF(OR(ISBLANK($K9), ISBLANK($L9)),"",IF($P9<$N9, "지연", "")) | M9: =IF(OR(ISBLANK($K9), ISBLANK($L9)),"",NETWORKDAYS($K9,$L9))
A10: 5 | D10: 정기 보고 | J10: =IF(OR(ISBLANK($K10), ISBLANK($L10)),"",IF($P10<$N10, "지연", "")) | M10: =IF(OR(ISBLANK($K10), ISBLANK($L10)),"",NETWORKDAYS($K10,$L10))
A11: 6 | E11: 착수보고 | F11: ○ | G11: 작업 | H11: 착수보고서 | I11: 기획팀 | J11: =IF(OR(ISBLANK($K11), ISBLANK($L11)),"",IF($P11<$N11, "지연", "")) | K11: 46155 | L11: 46155 | M11: =IF(OR(ISBLANK($K11), ISBLANK($L11)),"",NETWORKDAYS($K11,$L11)) -> 1 | N11: 1 | O11: PM확인(100%) | P11: =IF($O11="PM확인(100%)", 1, IF($O11="PL검토(90%)", 0.9, IF($O11="수행(70%)", 0.7, IF($O11="착수(20%)", 0.2, IF($O11="미착수(0%)",0,""))))) -> 1 | Q11: 46155 | R11: 46155 | S11: 46155
A12: 7 | E12: 중간보고 | F12: ○ | G12: 작업 | H12: 중간보고서 | I12: 기획팀 | J12: =IF(OR(ISBLANK($K12), ISBLANK($L12)),"",IF($P12<$N12, "지연", "")) | K12: 46356 | L12: 46356 | M12: =IF(OR(ISBLANK($K12), ISBLANK($L12)),"",NETWORKDAYS($K12,$L12)) -> 1 | O12: 미착수(0%) | P12: =IF($O12="PM확인(100%)", 1, IF($O12="PL검토(90%)", 0.9, IF($O12="수행(70%)", 0.7, IF($O12="착수(20%)", 0.2, IF($O12="미착수(0%)",0,""))))) -> 0
A13: 8 | E13: 완료보고 | F13: ○ | G13: 작업 | H13: 완료보고서 | I13: 기획팀 | J13: =IF(OR(ISBLANK($K13), ISBLANK($L13)),"",IF($P13<$N13, "지연", "")) | K13: 46563 | L13: 46563 | M13: =IF(OR(ISBLANK($K13), ISBLANK($L13)),"",NETWORKDAYS($K13,$L13)) -> 1 | O13: 미착수(0%) | P13: =IF($O13="PM확인(100%)", 1, IF($O13="PL검토(90%)", 0.9, IF($O13="수행(70%)", 0.7, IF($O13="착수(20%)", 0.2, IF($O13="미착수(0%)",0,""))))) -> 0
A14: 9 | D14: 비정기 보고 | J14: =IF(OR(ISBLANK($K14), ISBLANK($L14)),"",IF($P14<$N14, "지연", "")) | M14: =IF(OR(ISBLANK($K14), ISBLANK($L14)),"",NETWORKDAYS($K14,$L14))
A15: 10 | E15: 요구분석 진행상황 보고 | F15: ○ | G15: 작업 | I15: 기획팀 | J15: =IF(OR(ISBLANK($K15), ISBLANK($L15)),"",IF($P15<$N15, "지연", "")) | M15: =IF(OR(ISBLANK($K15), ISBLANK($L15)),"",NETWORKDAYS($K15,$L15)) | O15: 미착수(0%) | P15: =IF($O15="PM확인(100%)", 1, IF($O15="PL검토(90%)", 0.9, IF($O15="수행(70%)", 0.7, IF($O15="착수(20%)", 0.2, IF($O15="미착수(0%)",0,""))))) -> 0
A16: 11 | E16: 설계단계 진행상황 보고 | F16: ○ | G16: 작업 | I16: 기획팀 | J16: =IF(OR(ISBLANK($K16), ISBLANK($L16)),"",IF($P16<$N16, "지연", "")) | M16: =IF(OR(ISBLANK($K16), ISBLANK($L16)),"",NETWORKDAYS($K16,$L16)) | O16: 미착수(0%) | P16: =IF($O16="PM확인(100%)", 1, IF($O16="PL검토(90%)", 0.9, IF($O16="수행(70%)", 0.7, IF($O16="착수(20%)", 0.2, IF($O16="미착수(0%)",0,""))))) -> 0
A17: 12 | E17: 구축단계 진행상황 보고 | F17: ○ | G17: 작업 | I17: 기획팀 | J17: =IF(OR(ISBLANK($K17), ISBLANK($L17)),"",IF($P17<$N17, "지연", "")) | M17: =IF(OR(ISBLANK($K17), ISBLANK($L17)),"",NETWORKDAYS($K17,$L17)) | O17: 미착수(0%) | P17: =IF($O17="PM확인(100%)", 1, IF($O17="PL검토(90%)", 0.9, IF($O17="수행(70%)", 0.7, IF($O17="착수(20%)", 0.2, IF($O17="미착수(0%)",0,""))))) -> 0
A18: 13 | C18: 범위 확정 | J18: =IF(OR(ISBLANK($K18), ISBLANK($L18)),"",IF($P18<$N18, "지연", "")) | M18: =IF(OR(ISBLANK($K18), ISBLANK($L18)),"",NETWORKDAYS($K18,$L18))
A19: 14 | D19: 사업수행계획서 승인 | F19: ○ | G19: 작업 | H19: 사업수행계획서 | I19: 개발팀/기획팀 | J19: =IF(OR(ISBLANK($K19), ISBLANK($L19)),"",IF($P19<$N19, "지연", "")) | K19: 46153 | L19: 46157 | M19: =IF(OR(ISBLANK($K19), ISBLANK($L19)),"",NETWORKDAYS($K19,$L19)) -> 5 | N19: 1 | O19: PM확인(100%) | P19: =IF($O19="PM확인(100%)", 1, IF($O19="PL검토(90%)", 0.9, IF($O19="수행(70%)", 0.7, IF($O19="착수(20%)", 0.2, IF($O19="미착수(0%)",0,""))))) -> 1 | Q19: 46153 | R19: 46157 | S19: 46157
A20: 15 | D20: 요구사항정의서 승인 | F20: ○ | G20: 작업 | H20: 요구사항정의서 | I20: 기획팀 | J20: =IF(OR(ISBLANK($K20), ISBLANK($L20)),"",IF($P20<$N20, "지연", "")) | K20: 46153 | L20: 46157 | M20: =IF(OR(ISBLANK($K20), ISBLANK($L20)),"",NETWORKDAYS($K20,$L20)) -> 5 | N20: 1 | O20: PM확인(100%) | P20: =IF($O20="PM확인(100%)", 1, IF($O20="PL검토(90%)", 0.9, IF($O20="수행(70%)", 0.7, IF($O20="착수(20%)", 0.2, IF($O20="미착수(0%)",0,""))))) -> 1 | Q20: 46153 | R20: 46157 | S20: 46157
A21: 16 | D21: 과업대비표 작성 및 Update | M21: =IF(OR(ISBLANK($K21), ISBLANK($L21)),"",NETWORKDAYS($K21,$L21))
A22: 17 | E22: 과업대비표 작성 | F22: ○ | G22: 작업 | H22: 과업대비표 | I22: 기획팀 | J22: =IF(OR(ISBLANK($K22), ISBLANK($L22)),"",IF($P22<$N22, "지연", "")) | K22: 46160 | L22: 46171 | M22: =IF(OR(ISBLANK($K22), ISBLANK($L22)),"",NETWORKDAYS($K22,$L22)) -> 10 | N22: 1 | O22: PM확인(100%) | P22: =IF($O22="PM확인(100%)", 1, IF($O22="PL검토(90%)", 0.9, IF($O22="수행(70%)", 0.7, IF($O22="착수(20%)", 0.2, IF($O22="미착수(0%)",0,""))))) -> 1 | Q22: 46160 | R22: 46171 | S22: 46171
A23: 18 | E23: 분석단계 Update | F23: ○ | G23: 작업 | H23: 과업대비표 | I23: 개발팀 | J23: =IF(OR(ISBLANK($K23), ISBLANK($L23)),"",IF($P23<$N23, "지연", "")) | K23: 46174 | L23: 46199 | M23: =IF(OR(ISBLANK($K23), ISBLANK($L23)),"",NETWORKDAYS($K23,$L23)) -> 20 | N23: 1 | O23: PM확인(100%) | P23: =IF($O23="PM확인(100%)", 1, IF($O23="PL검토(90%)", 0.9, IF($O23="수행(70%)", 0.7, IF($O23="착수(20%)", 0.2, IF($O23="미착수(0%)",0,""))))) -> 1 | Q23: 46174 | R23: 46199 | S23: 46199
A24: 19 | E24: 설계단계 Update | F24: ○ | G24: 작업 | H24: 과업대비표/요구사항추적매트릭스 | I24: 개발팀 | J24: =IF(OR(ISBLANK($K24), ISBLANK($L24)),"",IF($P24<$N24, "지연", "")) | M24: =IF(OR(ISBLANK($K24), ISBLANK($L24)),"",NETWORKDAYS($K24,$L24)) | O24: 미착수(0%) | P24: =IF($O24="PM확인(100%)", 1, IF($O24="PL검토(90%)", 0.9, IF($O24="수행(70%)", 0.7, IF($O24="착수(20%)", 0.2, IF($O24="미착수(0%)",0,""))))) -> 0
A25: 20 | E25: 구축단계 Update | F25: ○ | G25: 작업 | H25: 과업대비표/검사기준서/요구사항추적매트릭스 | I25: 개발팀 | J25: =IF(OR(ISBLANK($K25), ISBLANK($L25)),"",IF($P25<$N25, "지연", "")) | M25: =IF(OR(ISBLANK($K25), ISBLANK($L25)),"",NETWORKDAYS($K25,$L25)) | O25: 미착수(0%) | P25: =IF($O25="PM확인(100%)", 1, IF($O25="PL검토(90%)", 0.9, IF($O25="수행(70%)", 0.7, IF($O25="착수(20%)", 0.2, IF($O25="미착수(0%)",0,""))))) -> 0
A26: 21 | C26: 대금신청 | M26: =IF(OR(ISBLANK($K26), ISBLANK($L26)),"",NETWORKDAYS($K26,$L26))
A27: 22 | D27: 선금신청(30%) | F27: ○ | G27: 작업 | H27: 대금신청서, 선금보증서 | I27: 경영지원/기획팀 | J27: =IF(OR(ISBLANK($K27), ISBLANK($L27)),"",IF($P27<$N27, "지연", "")) | K27: 46168 | L27: 46168 | M27: =IF(OR(ISBLANK($K27), ISBLANK($L27)),"",NETWORKDAYS($K27,$L27)) -> 1 | N27: 1 | O27: PM확인(100%) | P27: =IF($O27="PM확인(100%)", 1, IF($O27="PL검토(90%)", 0.9, IF($O27="수행(70%)", 0.7, IF($O27="착수(20%)", 0.2, IF($O27="미착수(0%)",0,""))))) -> 1 | Q27: 46168 | R27: 46168 | S27: 46168
A28: 23 | D28: 중도금신청(30%) | F28: ○ | G28: 작업 | H28: 대금신청서, 중도금보증서 | I28: 경영지원/기획팀 | J28: =IF(OR(ISBLANK($K28), ISBLANK($L28)),"",IF($P28<$N28, "지연", "")) | M28: =IF(OR(ISBLANK($K28), ISBLANK($L28)),"",NETWORKDAYS($K28,$L28)) | O28: 미착수(0%) | P28: =IF($O28="PM확인(100%)", 1, IF($O28="PL검토(90%)", 0.9, IF($O28="수행(70%)", 0.7, IF($O28="착수(20%)", 0.2, IF($O28="미착수(0%)",0,""))))) -> 0
A29: 24 | D29: 잔금신청(40%) | F29: ○ | G29: 작업 | H29: 대금신청서, 잔금보증서, 준공신고서 | I29: 경영지원/기획팀 | J29: =IF(OR(ISBLANK($K29), ISBLANK($L29)),"",IF($P29<$N29, "지연", "")) | M29: =IF(OR(ISBLANK($K29), ISBLANK($L29)),"",NETWORKDAYS($K29,$L29)) | O29: 미착수(0%) | P29: =IF($O29="PM확인(100%)", 1, IF($O29="PL검토(90%)", 0.9, IF($O29="수행(70%)", 0.7, IF($O29="착수(20%)", 0.2, IF($O29="미착수(0%)",0,""))))) -> 0
A30: 25 | C30: 시스템 오픈 | J30: =IF(OR(ISBLANK($K30), ISBLANK($L30)),"",IF($P30<$N30, "지연", "")) | M30: =IF(OR(ISBLANK($K30), ISBLANK($L30)),"",NETWORKDAYS($K30,$L30))
A31: 26 | D31: 1차 오픈 | F31: ○ | G31: 작업 | H31: 시범서비스 오픈 | J31: =IF(OR(ISBLANK($K31), ISBLANK($L31)),"",IF($P31<$N31, "지연", "")) | K31: 46538 | L31: 46538 | M31: =IF(OR(ISBLANK($K31), ISBLANK($L31)),"",NETWORKDAYS($K31,$L31)) -> 1 | O31: 미착수(0%) | P31: =IF($O31="PM확인(100%)", 1, IF($O31="PL검토(90%)", 0.9, IF($O31="수행(70%)", 0.7, IF($O31="착수(20%)", 0.2, IF($O31="미착수(0%)",0,""))))) -> 0
A32: 27 | D32: 2차 오픈 | F32: ○ | G32: 작업 | H32: 정식서비스 오픈 | J32: =IF(OR(ISBLANK($K32), ISBLANK($L32)),"",IF($P32<$N32, "지연", "")) | K32: 46563 | L32: 46563 | M32: =IF(OR(ISBLANK($K32), ISBLANK($L32)),"",NETWORKDAYS($K32,$L32)) -> 1 | O32: 미착수(0%) | P32: =IF($O32="PM확인(100%)", 1, IF($O32="PL검토(90%)", 0.9, IF($O32="수행(70%)", 0.7, IF($O32="착수(20%)", 0.2, IF($O32="미착수(0%)",0,""))))) -> 0
A33: 28 | B33: 프로젝트 계획수립 | M33: =IF(OR(ISBLANK($K33), ISBLANK($L33)),"",NETWORKDAYS($K33,$L33))
A34: 29 | C34: 착수 | J34: =IF(OR(ISBLANK($K34), ISBLANK($L34)),"",IF($P34<$N34, "지연", "")) | M34: =IF(OR(ISBLANK($K34), ISBLANK($L34)),"",NETWORKDAYS($K34,$L34))
A35: 30 | D35: 계획수립 인력 구성 | F35: ○ | G35: 작업 | J35: =IF(OR(ISBLANK($K35), ISBLANK($L35)),"",IF($P35<$N35, "지연", "")) | K35: 46139 | L35: 46150 | M35: =IF(OR(ISBLANK($K35), ISBLANK($L35)),"",NETWORKDAYS($K35,$L35)) -> 10 | N35: 1 | O35: PM확인(100%) | P35: =IF($O35="PM확인(100%)", 1, IF($O35="PL검토(90%)", 0.9, IF($O35="수행(70%)", 0.7, IF($O35="착수(20%)", 0.2, IF($O35="미착수(0%)",0,""))))) -> 1 | Q35: 46139 | R35: 46150 | S35: 46150
A36: 31 | D36: 의사소통 채널 및 Commitment 확보 | F36: ○ | G36: 작업 | J36: =IF(OR(ISBLANK($K36), ISBLANK($L36)),"",IF($P36<$N36, "지연", "")) | K36: 46139 | L36: 46150 | M36: =IF(OR(ISBLANK($K36), ISBLANK($L36)),"",NETWORKDAYS($K36,$L36)) -> 10 | N36: 1 | O36: PM확인(100%) | P36: =IF($O36="PM확인(100%)", 1, IF($O36="PL검토(90%)", 0.9, IF($O36="수행(70%)", 0.7, IF($O36="착수(20%)", 0.2, IF($O36="미착수(0%)",0,""))))) -> 1 | Q36: 46139 | R36: 46150 | S36: 46150
A37: 32 | D37: 사무실 환경 구축 | J37: =IF(OR(ISBLANK($K37), ISBLANK($L37)),"",IF($P37<$N37, "지연", ""))
A38: 33 | E38: 사무환경 구축 | F38: ○ | G38: 작업 | J38: =IF(OR(ISBLANK($K38), ISBLANK($L38)),"",IF($P38<$N38, "지연", "")) | K38: 46139 | L38: 46150 | M38: =IF(OR(ISBLANK($K38), ISBLANK($L38)),"",NETWORKDAYS($K38,$L38)) -> 10 | N38: 1 | O38: PM확인(100%) | P38: =IF($O38="PM확인(100%)", 1, IF($O38="PL검토(90%)", 0.9, IF($O38="수행(70%)", 0.7, IF($O38="착수(20%)", 0.2, IF($O38="미착수(0%)",0,""))))) -> 1 | Q38: 46139 | R38: 46150 | S38: 46150
A39: 34 | E39: 프로젝트 관리 도구 설치 | F39: ○ | G39: 작업 | H39: 개발환경 구축, SVN구축 | I39: 개발팀 | J39: =IF(OR(ISBLANK($K39), ISBLANK($L39)),"",IF($P39<$N39, "지연", "")) | K39: 46139 | L39: 46150 | M39: =IF(OR(ISBLANK($K39), ISBLANK($L39)),"",NETWORKDAYS($K39,$L39)) -> 10 | N39: 1 | O39: PM확인(100%) | P39: =IF($O39="PM확인(100%)", 1, IF($O39="PL검토(90%)", 0.9, IF($O39="수행(70%)", 0.7, IF($O39="착수(20%)", 0.2, IF($O39="미착수(0%)",0,""))))) -> 1 | Q39: 46139 | R39: 46150 | S39: 46150
A40: 37 | D40: 자원 및 기간 산정 | F40: ○ | G40: 작업 | H40: 사업수행계획서 | I40: 기획팀 | J40: =IF(OR(ISBLANK($K40), ISBLANK($L40)),"",IF($P40<$N40, "지연", "")) | K40: 46139 | L40: 46150 | M40: =IF(OR(ISBLANK($K40), ISBLANK($L40)),"",NETWORKDAYS($K40,$L40)) -> 10 | N40: 1 | O40: PM확인(100%) | P40: =IF($O40="PM확인(100%)", 1, IF($O40="PL검토(90%)", 0.9, IF($O40="수행(70%)", 0.7, IF($O40="착수(20%)", 0.2, IF($O40="미착수(0%)",0,""))))) -> 1 | Q40: 46139 | R40: 46150 | S40: 46150
A41: 39 | C41: 계획수립 | J41: =IF(OR(ISBLANK($K41), ISBLANK($L41)),"",IF($P41<$N41, "지연", "")) | M41: =IF(OR(ISBLANK($K41), ISBLANK($L41)),"",NETWORKDAYS($K41,$L41))
A42: 40 | D42: 표준 개발방법론 테일러링 | F42: ○ | G42: 작업 | H42: 방법론 테일러링 내역서 | J42: =IF(OR(ISBLANK($K42), ISBLANK($L42)),"",IF($P42<$N42, "지연", "")) | K42: 46139 | L42: 46150 | M42: =IF(OR(ISBLANK($K42), ISBLANK($L42)),"",NETWORKDAYS($K42,$L42)) -> 10 | N42: 1 | O42: PM확인(100%) | P42: =IF($O42="PM확인(100%)", 1, IF($O42="PL검토(90%)", 0.9, IF($O42="수행(70%)", 0.7, IF($O42="착수(20%)", 0.2, IF($O42="미착수(0%)",0,""))))) -> 1 | Q42: 46139 | R42: 46150 | S42: 46150
A43: 41 | D43: 프로젝트 개요 및 범위 상세화 | F43: ○ | G43: 작업 | H43: 사업수행계획서 | I43: 기획팀 | J43: =IF(OR(ISBLANK($K43), ISBLANK($L43)),"",IF($P43<$N43, "지연", "")) | K43: 46139 | L43: 46150 | M43: =IF(OR(ISBLANK($K43), ISBLANK($L43)),"",NETWORKDAYS($K43,$L43)) -> 10 | N43: 1 | O43: PM확인(100%) | P43: =IF($O43="PM확인(100%)", 1, IF($O43="PL검토(90%)", 0.9, IF($O43="수행(70%)", 0.7, IF($O43="착수(20%)", 0.2, IF($O43="미착수(0%)",0,""))))) -> 1 | Q43: 46139 | R43: 46150 | S43: 46150
A44: 42 | D44: 프로젝트 수행 조직 및 역할 정의 | F44: ○ | G44: 작업 | H44: 사업수행계획서 | I44: 기획팀 | J44: =IF(OR(ISBLANK($K44), ISBLANK($L44)),"",IF($P44<$N44, "지연", "")) | K44: 46139 | L44: 46150 | M44: =IF(OR(ISBLANK($K44), ISBLANK($L44)),"",NETWORKDAYS($K44,$L44)) -> 10 | N44: 1 | O44: PM확인(100%) | P44: =IF($O44="PM확인(100%)", 1, IF($O44="PL검토(90%)", 0.9, IF($O44="수행(70%)", 0.7, IF($O44="착수(20%)", 0.2, IF($O44="미착수(0%)",0,""))))) -> 1 | Q44: 46139 | R44: 46150 | S44: 46150
A45: 43 | D45: 프로젝트 목적 정의 | F45: ○ | G45: 작업 | H45: 사업수행계획서 | I45: 기획팀 | J45: =IF(OR(ISBLANK($K45), ISBLANK($L45)),"",IF($P45<$N45, "지연", "")) | K45: 46139 | L45: 46150 | M45: =IF(OR(ISBLANK($K45), ISBLANK($L45)),"",NETWORKDAYS($K45,$L45)) -> 10 | N45: 1 | O45: PM확인(100%) | P45: =IF($O45="PM확인(100%)", 1, IF($O45="PL검토(90%)", 0.9, IF($O45="수행(70%)", 0.7, IF($O45="착수(20%)", 0.2, IF($O45="미착수(0%)",0,""))))) -> 1 | Q45: 46139 | R45: 46150 | S45: 46150
A46: 44 | D46: 프로젝트 추진 방안 기술 | F46: ○ | G46: 작업 | H46: 사업수행계획서 | I46: 기획팀 | J46: =IF(OR(ISBLANK($K46), ISBLANK($L46)),"",IF($P46<$N46, "지연", "")) | K46: 46139 | L46: 46150 | M46: =IF(OR(ISBLANK($K46), ISBLANK($L46)),"",NETWORKDAYS($K46,$L46)) -> 10 | N46: 1 | O46: PM확인(100%) | P46: =IF($O46="PM확인(100%)", 1, IF($O46="PL검토(90%)", 0.9, IF($O46="수행(70%)", 0.7, IF($O46="착수(20%)", 0.2, IF($O46="미착수(0%)",0,""))))) -> 1 | Q46: 46139 | R46: 46150 | S46: 46150
A47: 45 | D47: 회의/보고 및 검토 계획 | F47: ○ | G47: 작업 | H47: 사업수행계획서 | I47: 기획팀 | J47: =IF(OR(ISBLANK($K47), ISBLANK($L47)),"",IF($P47<$N47, "지연", "")) | K47: 46139 | L47: 46150 | M47: =IF(OR(ISBLANK($K47), ISBLANK($L47)),"",NETWORKDAYS($K47,$L47)) -> 10 | N47: 1 | O47: PM확인(100%) | P47: =IF($O47="PM확인(100%)", 1, IF($O47="PL검토(90%)", 0.9, IF($O47="수행(70%)", 0.7, IF($O47="착수(20%)", 0.2, IF($O47="미착수(0%)",0,""))))) -> 1 | Q47: 46139 | R47: 46150 | S47: 46150
A48: 46 | D48: 프로젝트 위험 계획 및 이슈 관리 절차 정의 | F48: ○ | G48: 작업 | H48: 사업수행계획서(위험이슈관리계획서) | I48: 기획팀 | J48: =IF(OR(ISBLANK($K48), ISBLANK($L48)),"",IF($P48<$N48, "지연", "")) | K48: 46139 | L48: 46150 | M48: =IF(OR(ISBLANK($K48), ISBLANK($L48)),"",NETWORKDAYS($K48,$L48)) -> 10 | N48: 1 | O48: PM확인(100%) | P48: =IF($O48="PM확인(100%)", 1, IF($O48="PL검토(90%)", 0.9, IF($O48="수행(70%)", 0.7, IF($O48="착수(20%)", 0.2, IF($O48="미착수(0%)",0,""))))) -> 1 | Q48: 46139 | R48: 46150 | S48: 46150
A49: 47 | D49: 프로젝트 품질 보증 계획 | F49: ○ | G49: 작업 | H49: 품질보증활동계획서 | I49: 개발팀 | J49: =IF(OR(ISBLANK($K49), ISBLANK($L49)),"",IF($P49<$N49, "지연", "")) | K49: 46153 | L49: 46164 | M49: =IF(OR(ISBLANK($K49), ISBLANK($L49)),"",NETWORKDAYS($K49,$L49)) -> 10 | N49: 1 | O49: PM확인(100%) | P49: =IF($O49="PM확인(100%)", 1, IF($O49="PL검토(90%)", 0.9, IF($O49="수행(70%)", 0.7, IF($O49="착수(20%)", 0.2, IF($O49="미착수(0%)",0,""))))) -> 1 | Q49: 46153 | R49: 46164 | S49: 46164
A50: 48 | D50: 프로젝트 형상 관리 계획 | F50: ○ | G50: 작업 | H50: 형상관리계획서 | I50: 개발팀 | J50: =IF(OR(ISBLANK($K50), ISBLANK($L50)),"",IF($P50<$N50, "지연", "")) | K50: 46153 | L50: 46164 | M50: =IF(OR(ISBLANK($K50), ISBLANK($L50)),"",NETWORKDAYS($K50,$L50)) -> 10 | N50: 1 | O50: PM확인(100%) | P50: =IF($O50="PM확인(100%)", 1, IF($O50="PL검토(90%)", 0.9, IF($O50="수행(70%)", 0.7, IF($O50="착수(20%)", 0.2, IF($O50="미착수(0%)",0,""))))) -> 1 | Q50: 46153 | R50: 46164 | S50: 46164
A51: 49 | D51: 프로젝트 교육 훈련 계획 | F51: ○ | G51: 작업 | H51: 사업수행계획서(교육훈련계획서) | I51: 기획팀 | J51: =IF(OR(ISBLANK($K51), ISBLANK($L51)),"",IF($P51<$N51, "지연", "")) | K51: 46139 | L51: 46150 | M51: =IF(OR(ISBLANK($K51), ISBLANK($L51)),"",NETWORKDAYS($K51,$L51)) -> 10 | N51: 1 | O51: PM확인(100%) | P51: =IF($O51="PM확인(100%)", 1, IF($O51="PL검토(90%)", 0.9, IF($O51="수행(70%)", 0.7, IF($O51="착수(20%)", 0.2, IF($O51="미착수(0%)",0,""))))) -> 1 | Q51: 46139 | R51: 46150 | S51: 46150
A52: 50 | D52: 프로젝트 기타 계획 | J52: =IF(OR(ISBLANK($K52), ISBLANK($L52)),"",IF($P52<$N52, "지연", ""))
A53: 51 | E53: 변경관리지침 | F53: ○ | G53: 작업 | H53: 변경요청서 | I53: 개발팀/기획팀 | J53: =IF(OR(ISBLANK($K53), ISBLANK($L53)),"",IF($P53<$N53, "지연", "")) | K53: 46153 | L53: 46164 | M53: =IF(OR(ISBLANK($K53), ISBLANK($L53)),"",NETWORKDAYS($K53,$L53)) -> 10 | N53: 1 | O53: PM확인(100%) | P53: =IF($O53="PM확인(100%)", 1, IF($O53="PL검토(90%)", 0.9, IF($O53="수행(70%)", 0.7, IF($O53="착수(20%)", 0.2, IF($O53="미착수(0%)",0,""))))) -> 1 | Q53: 46153 | R53: 46164 | S53: 46164
A54: 52 | E54: 일정관리지침 | F54: ○ | G54: 작업 | H54: 사업수행계획서 | I54: 기획팀 | J54: =IF(OR(ISBLANK($K54), ISBLANK($L54)),"",IF($P54<$N54, "지연", "")) | K54: 46139 | L54: 46150 | M54: =IF(OR(ISBLANK($K54), ISBLANK($L54)),"",NETWORKDAYS($K54,$L54)) -> 10 | N54: 1 | O54: PM확인(100%) | P54: =IF($O54="PM확인(100%)", 1, IF($O54="PL검토(90%)", 0.9, IF($O54="수행(70%)", 0.7, IF($O54="착수(20%)", 0.2, IF($O54="미착수(0%)",0,""))))) -> 1 | Q54: 46139 | R54: 46150 | S54: 46150
A55: 53 | E55: 문서작성지침 | F55: ○ | G55: 작업 | H55: 형상관리계획서 | I55: 개발팀 | J55: =IF(OR(ISBLANK($K55), ISBLANK($L55)),"",IF($P55<$N55, "지연", "")) | K55: 46153 | L55: 46164 | M55: =IF(OR(ISBLANK($K55), ISBLANK($L55)),"",NETWORKDAYS($K55,$L55)) -> 10 | N55: 1 | O55: PM확인(100%) | P55: =IF($O55="PM확인(100%)", 1, IF($O55="PL검토(90%)", 0.9, IF($O55="수행(70%)", 0.7, IF($O55="착수(20%)", 0.2, IF($O55="미착수(0%)",0,""))))) -> 1 | Q55: 46153 | R55: 46164 | S55: 46164
A56: 54 | E56: 보안관리지침 | F56: ○ | G56: 작업 | H56: 주간보안일지(보안점검대장) | I56: 개발팀 | J56: =IF(OR(ISBLANK($K56), ISBLANK($L56)),"",IF($P56<$N56, "지연", "")) | K56: 46153 | L56: 46164 | M56: =IF(OR(ISBLANK($K56), ISBLANK($L56)),"",NETWORKDAYS($K56,$L56)) -> 10 | N56: 1 | O56: PM확인(100%) | P56: =IF($O56="PM확인(100%)", 1, IF($O56="PL검토(90%)", 0.9, IF($O56="수행(70%)", 0.7, IF($O56="착수(20%)", 0.2, IF($O56="미착수(0%)",0,""))))) -> 1 | Q56: 46153 | R56: 46164 | S56: 46164
A57: 55 | D57: 프로젝트 작업 계획 수립 | F57: ○ | G57: 작업 | H57: 프로젝트일정계획서(WBS) | I57: 기획팀 | J57: =IF(OR(ISBLANK($K57), ISBLANK($L57)),"",IF($P57<$N57, "지연", "")) | K57: 46139 | L57: 46150 | M57: =IF(OR(ISBLANK($K57), ISBLANK($L57)),"",NETWORKDAYS($K57,$L57)) -> 10 | N57: 1 | O57: PM확인(100%) | P57: =IF($O57="PM확인(100%)", 1, IF($O57="PL검토(90%)", 0.9, IF($O57="수행(70%)", 0.7, IF($O57="착수(20%)", 0.2, IF($O57="미착수(0%)",0,""))))) -> 1 | Q57: 46139 | R57: 46150 | S57: 46150
A58: 56 | D58: 프로젝트 인력 투입계획 수립 | F58: ○ | G58: 작업 | H58: 투입인력계획서 | I58: 기획팀 | J58: =IF(OR(ISBLANK($K58), ISBLANK($L58)),"",IF($P58<$N58, "지연", "")) | K58: 46139 | L58: 46150 | M58: =IF(OR(ISBLANK($K58), ISBLANK($L58)),"",NETWORKDAYS($K58,$L58)) -> 10 | N58: 1 | O58: PM확인(100%) | P58: =IF($O58="PM확인(100%)", 1, IF($O58="PL검토(90%)", 0.9, IF($O58="수행(70%)", 0.7, IF($O58="착수(20%)", 0.2, IF($O58="미착수(0%)",0,""))))) -> 1 | Q58: 46139 | R58: 46150 | S58: 46150
A59: 57 | D59: 프로젝트 계획 통합 | F59: ○ | G59: 작업 | H59: (통합된)사업수행계획서 | I59: 기획팀 | J59: =IF(OR(ISBLANK($K59), ISBLANK($L59)),"",IF($P59<$N59, "지연", "")) | K59: 46139 | L59: 46150 | M59: =IF(OR(ISBLANK($K59), ISBLANK($L59)),"",NETWORKDAYS($K59,$L59)) -> 10 | N59: 1 | O59: PM확인(100%) | P59: =IF($O59="PM확인(100%)", 1, IF($O59="PL검토(90%)", 0.9, IF($O59="수행(70%)", 0.7, IF($O59="착수(20%)", 0.2, IF($O59="미착수(0%)",0,""))))) -> 1 | Q59: 46139 | R59: 46150 | S59: 46150
A60: 58 | C60: 프로젝트 계획 검토 및 승인 | J60: =IF(OR(ISBLANK($K60), ISBLANK($L60)),"",IF($P60<$N60, "지연", "")) | M60: =IF(OR(ISBLANK($K60), ISBLANK($L60)),"",NETWORKDAYS($K60,$L60))
A61: 59 | D61: 착수계 | F61: ○ | G61: 작업 | H61: 착수계 | I61: 경영지원실 | J61: =IF(OR(ISBLANK($K61), ISBLANK($L61)),"",IF($P61<$N61, "지연", "")) | K61: 46139 | L61: 46150 | M61: =IF(OR(ISBLANK($K61), ISBLANK($L61)),"",NETWORKDAYS($K61,$L61)) -> 10 | N61: 1 | O61: PM확인(100%) | P61: =IF($O61="PM확인(100%)", 1, IF($O61="PL검토(90%)", 0.9, IF($O61="수행(70%)", 0.7, IF($O61="착수(20%)", 0.2, IF($O61="미착수(0%)",0,""))))) -> 1 | Q61: 46139 | R61: 46150 | S61: 46150
A62: 60 | D62: 보안서약서 | F62: ○ | G62: 작업 | H62: 보안서약서 | I62: 기획팀 | J62: =IF(OR(ISBLANK($K62), ISBLANK($L62)),"",IF($P62<$N62, "지연", "")) | K62: 46139 | L62: 46150 | M62: =IF(OR(ISBLANK($K62), ISBLANK($L62)),"",NETWORKDAYS($K62,$L62)) -> 10 | N62: 1 | O62: PM확인(100%) | P62: =IF($O62="PM확인(100%)", 1, IF($O62="PL검토(90%)", 0.9, IF($O62="수행(70%)", 0.7, IF($O62="착수(20%)", 0.2, IF($O62="미착수(0%)",0,""))))) -> 1 | Q62: 46139 | R62: 46150 | S62: 46150
A63: 61 | C63: 프로젝트 오리엔테이션 실시 | J63: =IF(OR(ISBLANK($K63), ISBLANK($L63)),"",IF($P63<$N63, "지연", "")) | M63: =IF(OR(ISBLANK($K63), ISBLANK($L63)),"",NETWORKDAYS($K63,$L63))
A64: 62 | D64: 프로젝트 표준 공유 | F64: ○ | G64: 작업 | J64: =IF(OR(ISBLANK($K64), ISBLANK($L64)),"",IF($P64<$N64, "지연", "")) | M64: =IF(OR(ISBLANK($K64), ISBLANK($L64)),"",NETWORKDAYS($K64,$L64)) | O64: 미착수(0%) | P64: =IF($O64="PM확인(100%)", 1, IF($O64="PL검토(90%)", 0.9, IF($O64="수행(70%)", 0.7, IF($O64="착수(20%)", 0.2, IF($O64="미착수(0%)",0,""))))) -> 0
A65: 63 | D65: 프로젝트 관리도구 교육 | F65: ○ | G65: 작업 | J65: =IF(OR(ISBLANK($K65), ISBLANK($L65)),"",IF($P65<$N65, "지연", "")) | M65: =IF(OR(ISBLANK($K65), ISBLANK($L65)),"",NETWORKDAYS($K65,$L65)) | O65: 미착수(0%) | P65: =IF($O65="PM확인(100%)", 1, IF($O65="PL검토(90%)", 0.9, IF($O65="수행(70%)", 0.7, IF($O65="착수(20%)", 0.2, IF($O65="미착수(0%)",0,""))))) -> 0
A66: 64 | B66: 프로젝트 진행관리 | M66: =IF(OR(ISBLANK($K66), ISBLANK($L66)),"",NETWORKDAYS($K66,$L66))
A67: 65 | C67: 교육 및 역량 확보 | J67: =IF(OR(ISBLANK($K67), ISBLANK($L67)),"",IF($P67<$N67, "지연", "")) | M67: =IF(OR(ISBLANK($K67), ISBLANK($L67)),"",NETWORKDAYS($K67,$L67))
A68: 66 | D68: 이행단계 교육훈련 수행 | F68: ○ | G68: 작업 | H68: 교육훈련보고서 | J68: =IF(OR(ISBLANK($K68), ISBLANK($L68)),"",IF($P68<$N68, "지연", "")) | M68: =IF(OR(ISBLANK($K68), ISBLANK($L68)),"",NETWORKDAYS($K68,$L68)) | O68: 미착수(0%) | P68: =IF($O68="PM확인(100%)", 1, IF($O68="PL검토(90%)", 0.9, IF($O68="수행(70%)", 0.7, IF($O68="착수(20%)", 0.2, IF($O68="미착수(0%)",0,""))))) -> 0
A69: 67 | C69: 위험 및 이슈관리 | J69: =IF(OR(ISBLANK($K69), ISBLANK($L69)),"",IF($P69<$N69, "지연", "")) | M69: =IF(OR(ISBLANK($K69), ISBLANK($L69)),"",NETWORKDAYS($K69,$L69))
A70: 68 | D70: 위험_이슈 식별 및 해결 1 | F70: ○ | G70: 작업 | H70: 위험관리대장, 이슈관리대장 | J70: =IF(OR(ISBLANK($K70), ISBLANK($L70)),"",IF($P70<$N70, "지연", "")) | M70: =IF(OR(ISBLANK($K70), ISBLANK($L70)),"",NETWORKDAYS($K70,$L70)) | O70: 미착수(0%) | P70: =IF($O70="PM확인(100%)", 1, IF($O70="PL검토(90%)", 0.9, IF($O70="수행(70%)", 0.7, IF($O70="착수(20%)", 0.2, IF($O70="미착수(0%)",0,""))))) -> 0
A71: 69 | D71: 위험_이슈 식별 및 해결 2 | F71: ○ | G71: 작업 | H71: 위험관리대장, 이슈관리대장 | J71: =IF(OR(ISBLANK($K71), ISBLANK($L71)),"",IF($P71<$N71, "지연", "")) | M71: =IF(OR(ISBLANK($K71), ISBLANK($L71)),"",NETWORKDAYS($K71,$L71)) | O71: 미착수(0%) | P71: =IF($O71="PM확인(100%)", 1, IF($O71="PL검토(90%)", 0.9, IF($O71="수행(70%)", 0.7, IF($O71="착수(20%)", 0.2, IF($O71="미착수(0%)",0,""))))) -> 0
A72: 70 | D72: 위험_이슈 식별 및 해결 3 | F72: ○ | G72: 작업 | H72: 위험관리대장, 이슈관리대장 | J72: =IF(OR(ISBLANK($K72), ISBLANK($L72)),"",IF($P72<$N72, "지연", "")) | M72: =IF(OR(ISBLANK($K72), ISBLANK($L72)),"",NETWORKDAYS($K72,$L72)) | O72: 미착수(0%) | P72: =IF($O72="PM확인(100%)", 1, IF($O72="PL검토(90%)", 0.9, IF($O72="수행(70%)", 0.7, IF($O72="착수(20%)", 0.2, IF($O72="미착수(0%)",0,""))))) -> 0
A73: 71 | C73: 주/월간업무보고 | J73: =IF(OR(ISBLANK($K73), ISBLANK($L73)),"",IF($P73<$N73, "지연", "")) | M73: =IF(OR(ISBLANK($K73), ISBLANK($L73)),"",NETWORKDAYS($K73,$L73))
A74: 72 | D74: 주간업무보고(주 단위) | J74: =IF(OR(ISBLANK($K74), ISBLANK($L74)),"",IF($P74<$N74, "지연", "")) | M74: =IF(OR(ISBLANK($K74), ISBLANK($L74)),"",NETWORKDAYS($K74,$L74))
A75: 73 | E75: 주간업무보고 1 | F75: ○ | G75: 작업 | H75: 주간업무보고서 1주차 | J75: =IF(OR(ISBLANK($K75), ISBLANK($L75)),"",IF($P75<$N75, "지연", "")) | K75: 46139 | L75: 46143 | M75: =IF(OR(ISBLANK($K75), ISBLANK($L75)),"",NETWORKDAYS($K75,$L75)) -> 5 | N75: 1 | O75: PM확인(100%) | P75: =IF($O75="PM확인(100%)", 1, IF($O75="PL검토(90%)", 0.9, IF($O75="수행(70%)", 0.7, IF($O75="착수(20%)", 0.2, IF($O75="미착수(0%)",0,""))))) -> 1 | Q75: 46139 | R75: 46143 | S75: 46143
A76: 74 | E76: 주간업무보고 2 | F76: ○ | G76: 작업 | H76: 주간업무보고서 2주차 | J76: =IF(OR(ISBLANK($K76), ISBLANK($L76)),"",IF($P76<$N76, "지연", "")) | K76: 46146 | L76: 46150 | M76: =IF(OR(ISBLANK($K76), ISBLANK($L76)),"",NETWORKDAYS($K76,$L76)) -> 5 | N76: 1 | O76: PM확인(100%) | P76: =IF($O76="PM확인(100%)", 1, IF($O76="PL검토(90%)", 0.9, IF($O76="수행(70%)", 0.7, IF($O76="착수(20%)", 0.2, IF($O76="미착수(0%)",0,""))))) -> 1 | Q76: 46146 | R76: 46150 | S76: 46150
A77: 75 | E77: 주간업무보고 3 | F77: ○ | G77: 작업 | H77: 주간업무보고서 3주차 | J77: =IF(OR(ISBLANK($K77), ISBLANK($L77)),"",IF($P77<$N77, "지연", "")) | K77: 46153 | L77: 46157 | M77: =IF(OR(ISBLANK($K77), ISBLANK($L77)),"",NETWORKDAYS($K77,$L77)) -> 5 | N77: 1 | O77: PM확인(100%) | P77: =IF($O77="PM확인(100%)", 1, IF($O77="PL검토(90%)", 0.9, IF($O77="수행(70%)", 0.7, IF($O77="착수(20%)", 0.2, IF($O77="미착수(0%)",0,""))))) -> 1 | Q77: 46153 | R77: 46157 | S77: 46157
A78: 76 | E78: 주간업무보고 4 | F78: ○ | G78: 작업 | H78: 주간업무보고서 4주차 | J78: =IF(OR(ISBLANK($K78), ISBLANK($L78)),"",IF($P78<$N78, "지연", "")) | K78: 46160 | L78: 46164 | M78: =IF(OR(ISBLANK($K78), ISBLANK($L78)),"",NETWORKDAYS($K78,$L78)) -> 5 | N78: 1 | O78: PM확인(100%) | P78: =IF($O78="PM확인(100%)", 1, IF($O78="PL검토(90%)", 0.9, IF($O78="수행(70%)", 0.7, IF($O78="착수(20%)", 0.2, IF($O78="미착수(0%)",0,""))))) -> 1 | Q78: 46160 | R78: 46164 | S78: 46164
A79: 77 | E79: 주간업무보고 5 | F79: ○ | G79: 작업 | H79: 주간업무보고서 5주차 | J79: =IF(OR(ISBLANK($K79), ISBLANK($L79)),"",IF($P79<$N79, "지연", "")) | K79: 46167 | L79: 46171 | M79: =IF(OR(ISBLANK($K79), ISBLANK($L79)),"",NETWORKDAYS($K79,$L79)) -> 5 | N79: 1 | O79: PM확인(100%) | P79: =IF($O79="PM확인(100%)", 1, IF($O79="PL검토(90%)", 0.9, IF($O79="수행(70%)", 0.7, IF($O79="착수(20%)", 0.2, IF($O79="미착수(0%)",0,""))))) -> 1 | Q79: 46167 | R79: 46171 | S79: 46171
A80: 78 | E80: 주간업무보고 6 | F80: ○ | G80: 작업 | H80: 주간업무보고서 6주차 | J80: =IF(OR(ISBLANK($K80), ISBLANK($L80)),"",IF($P80<$N80, "지연", "")) | K80: 46174 | L80: 46178 | M80: =IF(OR(ISBLANK($K80), ISBLANK($L80)),"",NETWORKDAYS($K80,$L80)) -> 5 | N80: 1 | O80: PM확인(100%) | P80: =IF($O80="PM확인(100%)", 1, IF($O80="PL검토(90%)", 0.9, IF($O80="수행(70%)", 0.7, IF($O80="착수(20%)", 0.2, IF($O80="미착수(0%)",0,""))))) -> 1 | Q80: 46174 | R80: 46178 | S80: 46178
A81: 79 | E81: 주간업무보고 7 | F81: ○ | G81: 작업 | H81: 주간업무보고서 7주차 | J81: =IF(OR(ISBLANK($K81), ISBLANK($L81)),"",IF($P81<$N81, "지연", "")) | K81: 46181 | L81: 46185 | M81: =IF(OR(ISBLANK($K81), ISBLANK($L81)),"",NETWORKDAYS($K81,$L81)) -> 5 | N81: 1 | O81: PM확인(100%) | P81: =IF($O81="PM확인(100%)", 1, IF($O81="PL검토(90%)", 0.9, IF($O81="수행(70%)", 0.7, IF($O81="착수(20%)", 0.2, IF($O81="미착수(0%)",0,""))))) -> 1 | Q81: 46181 | R81: 46185 | S81: 46185
A82: 80 | E82: 주간업무보고 8 | F82: ○ | G82: 작업 | H82: 주간업무보고서 8주차 | J82: =IF(OR(ISBLANK($K82), ISBLANK($L82)),"",IF($P82<$N82, "지연", "")) | K82: 46188 | L82: 46192 | M82: =IF(OR(ISBLANK($K82), ISBLANK($L82)),"",NETWORKDAYS($K82,$L82)) -> 5 | N82: 1 | O82: PM확인(100%) | P82: =IF($O82="PM확인(100%)", 1, IF($O82="PL검토(90%)", 0.9, IF($O82="수행(70%)", 0.7, IF($O82="착수(20%)", 0.2, IF($O82="미착수(0%)",0,""))))) -> 1 | Q82: 46188 | R82: 46192 | S82: 46192
A83: 81 | E83: 주간업무보고 9 | F83: ○ | G83: 작업 | H83: 주간업무보고서 9주차 | J83: =IF(OR(ISBLANK($K83), ISBLANK($L83)),"",IF($P83<$N83, "지연", "")) | K83: 46195 | L83: 46199 | M83: =IF(OR(ISBLANK($K83), ISBLANK($L83)),"",NETWORKDAYS($K83,$L83)) -> 5 | N83: 1 | O83: PM확인(100%) | P83: =IF($O83="PM확인(100%)", 1, IF($O83="PL검토(90%)", 0.9, IF($O83="수행(70%)", 0.7, IF($O83="착수(20%)", 0.2, IF($O83="미착수(0%)",0,""))))) -> 1 | Q83: 46195 | R83: 46199 | S83: 46199
A84: 82 | E84: 주간업무보고 10 | F84: ○ | G84: 작업 | H84: 주간업무보고서 10주차 | J84: =IF(OR(ISBLANK($K84), ISBLANK($L84)),"",IF($P84<$N84, "지연", "")) | K84: 46202 | L84: 46206 | M84: =IF(OR(ISBLANK($K84), ISBLANK($L84)),"",NETWORKDAYS($K84,$L84)) -> 5 | N84: 1 | O84: PM확인(100%) | P84: =IF($O84="PM확인(100%)", 1, IF($O84="PL검토(90%)", 0.9, IF($O84="수행(70%)", 0.7, IF($O84="착수(20%)", 0.2, IF($O84="미착수(0%)",0,""))))) -> 1 | Q84: 46202 | R84: 46206 | S84: 46206
A85: 83 | E85: 주간업무보고 11 | F85: ○ | G85: 작업 | H85: 주간업무보고서 11주차 | J85: =IF(OR(ISBLANK($K85), ISBLANK($L85)),"",IF($P85<$N85, "지연", "")) | K85: 46209 | L85: 46213 | M85: =IF(OR(ISBLANK($K85), ISBLANK($L85)),"",NETWORKDAYS($K85,$L85)) -> 5 | N85: 1 | O85: PM확인(100%) | P85: =IF($O85="PM확인(100%)", 1, IF($O85="PL검토(90%)", 0.9, IF($O85="수행(70%)", 0.7, IF($O85="착수(20%)", 0.2, IF($O85="미착수(0%)",0,""))))) -> 1 | Q85: 46209 | R85: 46213 | S85: 46213
A86: 84 | E86: 주간업무보고 12 | F86: ○ | G86: 작업 | H86: 주간업무보고서 12주차 | J86: =IF(OR(ISBLANK($K86), ISBLANK($L86)),"",IF($P86<$N86, "지연", "")) | K86: 46216 | L86: 46220 | M86: =IF(OR(ISBLANK($K86), ISBLANK($L86)),"",NETWORKDAYS($K86,$L86)) -> 5 | N86: 1 | O86: PM확인(100%) | P86: =IF($O86="PM확인(100%)", 1, IF($O86="PL검토(90%)", 0.9, IF($O86="수행(70%)", 0.7, IF($O86="착수(20%)", 0.2, IF($O86="미착수(0%)",0,""))))) -> 1 | Q86: 46216 | R86: 46220 | S86: 46220
... A89: 87 | E89: 주간업무보고 15 | F89: ○ | G89: 작업 | H89: 주간업무보고서 15주차 | J89: =IF(OR(ISBLANK($K89), ISBLANK($L89)),"",IF($P89<$N89, "지연", "")) | K89: 46237 | L89: 46241 | M89: =IF(OR(ISBLANK($K89), ISBLANK($L89)),"",NETWORKDAYS($K89,$L89)) -> 5 | N89: 1 | O89: PM확인(100%) | P89: =IF($O89="PM확인(100%)", 1, IF($O89="PL검토(90%)", 0.9, IF($O89="수행(70%)", 0.7, IF($O89="착수(20%)", 0.2, IF($O89="미착수(0%)",0,""))))) -> 1 | Q89: 46237 | R89: 46241 | S89: 46241
A90: 88 | E90: 주간업무보고 16 | F90: ○ | G90: 작업 | H90: 주간업무보고서 16주차 | J90: =IF(OR(ISBLANK($K90), ISBLANK($L90)),"",IF($P90<$N90, "지연", "")) | K90: 46244 | L90: 46248 | M90: =IF(OR(ISBLANK($K90), ISBLANK($L90)),"",NETWORKDAYS($K90,$L90)) -> 5 | N90: 1 | O90: PM확인(100%) | P90: 1 | Q90: 46244 | R90: 46248 | S90: 46248
A91: 89 | E91: 주간업무보고 17 | F91: ○ | G91: 작업 | H91: 주간업무보고서 17주차 | J91: =IF(OR(ISBLANK($K91), ISBLANK($L91)),"",IF($P91<$N91, "지연", "")) | K91: 46251 | L91: 46255 | M91: =IF(OR(ISBLANK($K91), ISBLANK($L91)),"",NETWORKDAYS($K91,$L91)) -> 5 | N91: 1 | O91: PM확인(100%) | P91: =IF($O91="PM확인(100%)", 1, IF($O91="PL검토(90%)", 0.9, IF($O91="수행(70%)", 0.7, IF($O91="착수(20%)", 0.2, IF($O91="미착수(0%)",0,""))))) -> 1 | Q91: 46251 | R91: 46255 | S91: 46255
A92: 90 | E92: 주간업무보고 18 | F92: ○ | G92: 작업 | H92: 주간업무보고서 18주차 | J92: =IF(OR(ISBLANK($K92), ISBLANK($L92)),"",IF($P92<$N92, "지연", "")) | K92: 46258 | L92: 46262 | M92: =IF(OR(ISBLANK($K92), ISBLANK($L92)),"",NETWORKDAYS($K92,$L92)) -> 5 | N92: 1 | O92: PM확인(100%) | P92: =IF($O92="PM확인(100%)", 1, IF($O92="PL검토(90%)", 0.9, IF($O92="수행(70%)", 0.7, IF($O92="착수(20%)", 0.2, IF($O92="미착수(0%)",0,""))))) -> 1 | Q92: 46258 | R92: 46262 | S92: 46262
A93: 91 | E93: 주간업무보고 19 | F93: ○ | G93: 작업 | H93: 주간업무보고서 19주차 | J93: =IF(OR(ISBLANK($K93), ISBLANK($L93)),"",IF($P93<$N93, "지연", "")) | K93: 46265 | L93: 46269 | M93: =IF(OR(ISBLANK($K93), ISBLANK($L93)),"",NETWORKDAYS($K93,$L93)) -> 5 | N93: 1 | O93: PM확인(100%) | P93: =IF($O93="PM확인(100%)", 1, IF($O93="PL검토(90%)", 0.9, IF($O93="수행(70%)", 0.7, IF($O93="착수(20%)", 0.2, IF($O93="미착수(0%)",0,""))))) -> 1 | Q93: 46265 | R93: 46269 | S93: 46269
A94: 92 | E94: 주간업무보고 20 | F94: ○ | G94: 작업 | H94: 주간업무보고서 20주차 | J94: =IF(OR(ISBLANK($K94), ISBLANK($L94)),"",IF($P94<$N94, "지연", "")) | K94: 46272 | L94: 46276 | M94: =IF(OR(ISBLANK($K94), ISBLANK($L94)),"",NETWORKDAYS($K94,$L94)) -> 5 | O94: 미착수(0%) | P94: =IF($O94="PM확인(100%)", 1, IF($O94="PL검토(90%)", 0.9, IF($O94="수행(70%)", 0.7, IF($O94="착수(20%)", 0.2, IF($O94="미착수(0%)",0,""))))) -> 0
A95: 93 | E95: 주간업무보고 21 | F95: ○ | G95: 작업 | H95: 주간업무보고서 21주차 | J95: =IF(OR(ISBLANK($K95), ISBLANK($L95)),"",IF($P95<$N95, "지연", "")) | K95: 46279 | L95: 46283 | M95: =IF(OR(ISBLANK($K95), ISBLANK($L95)),"",NETWORKDAYS($K95,$L95)) -> 5 | O95: 미착수(0%) | P95: =IF($O95="PM확인(100%)", 1, IF($O95="PL검토(90%)", 0.9, IF($O95="수행(70%)", 0.7, IF($O95="착수(20%)", 0.2, IF($O95="미착수(0%)",0,""))))) -> 0
A96: 94 | E96: 주간업무보고 22 | F96: ○ | G96: 작업 | H96: 주간업무보고서 22주차 | J96: =IF(OR(ISBLANK($K96), ISBLANK($L96)),"",IF($P96<$N96, "지연", "")) | K96: 46286 | L96: 46290 | M96: =IF(OR(ISBLANK($K96), ISBLANK($L96)),"",NETWORKDAYS($K96,$L96)) -> 5 | O96: 미착수(0%) | P96: =IF($O96="PM확인(100%)", 1, IF($O96="PL검토(90%)", 0.9, IF($O96="수행(70%)", 0.7, IF($O96="착수(20%)", 0.2, IF($O96="미착수(0%)",0,""))))) -> 0
A97: 95 | E97: 주간업무보고 23 | F97: ○ | G97: 작업 | H97: 주간업무보고서 23주차 | J97: =IF(OR(ISBLANK($K97), ISBLANK($L97)),"",IF($P97<$N97, "지연", "")) | K97: 46293 | L97: 46297 | M97: =IF(OR(ISBLANK($K97), ISBLANK($L97)),"",NETWORKDAYS($K97,$L97)) -> 5 | O97: 미착수(0%) | P97: =IF($O97="PM확인(100%)", 1, IF($O97="PL검토(90%)", 0.9, IF($O97="수행(70%)", 0.7, IF($O97="착수(20%)", 0.2, IF($O97="미착수(0%)",0,""))))) -> 0
A98: 96 | E98: 주간업무보고 24 | F98: ○ | G98: 작업 | H98: 주간업무보고서 24주차 | J98: =IF(OR(ISBLANK($K98), ISBLANK($L98)),"",IF($P98<$N98, "지연", "")) | K98: 46300 | L98: 46304 | M98: =IF(OR(ISBLANK($K98), ISBLANK($L98)),"",NETWORKDAYS($K98,$L98)) -> 5 | O98: 미착수(0%) | P98: =IF($O98="PM확인(100%)", 1, IF($O98="PL검토(90%)", 0.9, IF($O98="수행(70%)", 0.7, IF($O98="착수(20%)", 0.2, IF($O98="미착수(0%)",0,""))))) -> 0
A99: 97 | E99: 주간업무보고 25 | F99: ○ | G99: 작업 | H99: 주간업무보고서 25주차 | J99: =IF(OR(ISBLANK($K99), ISBLANK($L99)),"",IF($P99<$N99, "지연", "")) | K99: 46307 | L99: 46311 | M99: =IF(OR(ISBLANK($K99), ISBLANK($L99)),"",NETWORKDAYS($K99,$L99)) -> 5 | O99: 미착수(0%) | P99: =IF($O99="PM확인(100%)", 1, IF($O99="PL검토(90%)", 0.9, IF($O99="수행(70%)", 0.7, IF($O99="착수(20%)", 0.2, IF($O99="미착수(0%)",0,""))))) -> 0
A100: 98 | E100: 주간업무보고 26 | F100: ○ | G100: 작업 | H100: 주간업무보고서 26주차 | J100: =IF(OR(ISBLANK($K100), ISBLANK($L100)),"",IF($P100<$N100, "지연", "")) | K100: 46314 | L100: 46318 | M100: =IF(OR(ISBLANK($K100), ISBLANK($L100)),"",NETWORKDAYS($K100,$L100)) -> 5 | O100: 미착수(0%) | P100: =IF($O100="PM확인(100%)", 1, IF($O100="PL검토(90%)", 0.9, IF($O100="수행(70%)", 0.7, IF($O100="착수(20%)", 0.2, IF($O100="미착수(0%)",0,""))))) -> 0
A101: 99 | E101: 주간업무보고 27 | F101: ○ | G101: 작업 | H101: 주간업무보고서 27주차 | J101: =IF(OR(ISBLANK($K101), ISBLANK($L101)),"",IF($P101<$N101, "지연", "")) | K101: 46321 | L101: 46325 | M101: =IF(OR(ISBLANK($K101), ISBLANK($L101)),"",NETWORKDAYS($K101,$L101)) -> 5 | O101: 미착수(0%) | P101: =IF($O101="PM확인(100%)", 1, IF($O101="PL검토(90%)", 0.9, IF($O101="수행(70%)", 0.7, IF($O101="착수(20%)", 0.2, IF($O101="미착수(0%)",0,""))))) -> 0
A102: 100 | E102: 주간업무보고 28 | F102: ○ | G102: 작업 | H102: 주간업무보고서 28주차 | J102: =IF(OR(ISBLANK($K102), ISBLANK($L102)),"",IF($P102<$N102, "지연", "")) | K102: 46328 | L102: 46332 | M102: =IF(OR(ISBLANK($K102), ISBLANK($L102)),"",NETWORKDAYS($K102,$L102)) -> 5 | O102: 미착수(0%) | P102: =IF($O102="PM확인(100%)", 1, IF($O102="PL검토(90%)", 0.9, IF($O102="수행(70%)", 0.7, IF($O102="착수(20%)", 0.2, IF($O102="미착수(0%)",0,""))))) -> 0
A103: 101 | E103: 주간업무보고 29 | F103: ○ | G103: 작업 | H103: 주간업무보고서 29주차 | J103: =IF(OR(ISBLANK($K103), ISBLANK($L103)),"",IF($P103<$N103, "지연", "")) | K103: 46335 | L103: 46339 | M103: =IF(OR(ISBLANK($K103), ISBLANK($L103)),"",NETWORKDAYS($K103,$L103)) -> 5 | O103: 미착수(0%) | P103: =IF($O103="PM확인(100%)", 1, IF($O103="PL검토(90%)", 0.9, IF($O103="수행(70%)", 0.7, IF($O103="착수(20%)", 0.2, IF($O103="미착수(0%)",0,""))))) -> 0
...

Sheet 2. 프로젝트 진행관리
A1: 2. 프로젝트 진행관리 WBS
K3: 계획진척률(누적) | M3: =COUNTIF(N7:N377, "100%")/COUNT(K7:K377) -> 0.060283688 | O3: 실적진척률(누적) | Q3: =COUNTIF(P7:P377, "100%")/COUNT(K7:K377) -> 0.060283688
K4: 계획 | O4: 실적
A5: NO | B5: 단계 | C5: Activity | D5: Task | F5: Leaf Task | G5: Task 속성 | H5: 산출물 | I5: 자원 | J5: 진행상태 | K5: 계획시작일 | L5: 계획종료일 | M5: 기간 | N5: 계획진척률 | O5: 실적 진척상태 | P5: 실적 진척률 | Q5: 실제시작일 | R5: 예상종료일 | S5: 실제종료일
B6: Web개발 방법론 | J6: =IF(OR(ISBLANK(#REF!), ISBLANK($L6)),"",IF($P6<$N6, "지연", "")) | M6: =IF(OR(ISBLANK($K6), ISBLANK($L6)),"",NETWORKDAYS($K6,$L6)) | N6: =IF(OR(ISBLANK($K6), ISBLANK($L6)), "", IF(진척율보고서!$H$3 < $K6, 0, IF(진척율보고서!$H$3 >= $L6, 1, NETWORKDAYS($K6,진척율보고서!$H$3)/$M6))) | P6: =IF($O6="PM확인(100%)", 1, IF($O6="PL검토(90%)", 0.9, IF($O6="수행(70%)", 0.7, IF($O6="착수(20%)", 0.2, IF($O6="미착수(0%)",0,"")))))
A7: 1 | B7: 분석 | J7: =IF(OR(ISBLANK(#REF!), ISBLANK($L7)),"",IF($P7<$N7, "지연", "")) | P7: =IF($O7="PM확인(100%)", 1, IF($O7="PL검토(90%)", 0.9, IF($O7="수행(70%)", 0.7, IF($O7="착수(20%)", 0.2, IF($O7="미착수(0%)",0,"")))))
A8: 2 | C8: 요구사항 분석 | J8: =IF(OR(ISBLANK(#REF!), ISBLANK($L8)),"",IF($P8<$N8, "지연", ""))
A9: 3 | D9: 기능요구사항 도출 | F9: ○ | G9: 작업 | H9: APFS-2026-120-AN01_요구사항정의서(기능)_v0.1 | I9: 기획팀 주도 / 개발팀 협업 | J9: =IF(OR(ISBLANK($K9), ISBLANK($L9)),"",IF($P9<$N9, "지연", "")) | K9: 46139 | L9: 46150 | M9: =IF(OR(ISBLANK($K9), ISBLANK($L9)),"",NETWORKDAYS($K9,$L9)) -> 10 | N9: 1 | O9: PM확인(100%) | P9: 1 | Q9: 46139 | R9: 46150 | S9: 46150
A10: 4 | D10: 비기능 요구사항 도출 | F10: ○ | G10: 작업 | H10: APFS-2026-120-AN01_요구사항정의서(비기능)_v0.1 | I10: 기획팀 주도 / 개발팀 협업 | J10: =IF(OR(ISBLANK($K10), ISBLANK($L10)),"",IF($P10<$N10, "지연", "")) | K10: 46139 | L10: 46150 | M10: =IF(OR(ISBLANK($K10), ISBLANK($L10)),"",NETWORKDAYS($K10,$L10)) -> 10 | N10: 1 | O10: PM확인(100%) | P10: 1 | Q10: 46139 | R10: 46150 | S10: 46150
A11: 5 | D11: 인터페이스 요구사항 도출 | F11: ○ | G11: 작업 | H11: APFS-2026-120-AN01_요구사항정의서(기능)_v0.1 | I11: 기획팀 주도 / 개발팀 협업 | J11: =IF(OR(ISBLANK($K11), ISBLANK($L11)),"",IF($P11<$N11, "지연", "")) | K11: 46139 | L11: 46150 | M11: =IF(OR(ISBLANK($K11), ISBLANK($L11)),"",NETWORKDAYS($K11,$L11)) -> 10 | N11: 1 | O11: PM확인(100%) | P11: 1 | Q11: 46139 | R11: 46150 | S11: 46150
A12: 6 | D12: 요구사항 정리 | F12: ○ | G12: 작업 | H12: APFS-2026-120-AN01_요구사항정의서(기능)_v0.1 | I12: 기획팀 주도 / 개발팀 협업 | J12: =IF(OR(ISBLANK($K12), ISBLANK($L12)),"",IF($P12<$N12, "지연", "")) | K12: 46139 | L12: 46150 | M12: =IF(OR(ISBLANK($K12), ISBLANK($L12)),"",NETWORKDAYS($K12,$L12)) -> 10 | N12: 1 | O12: PM확인(100%) | P12: 1 | Q12: 46139 | R12: 46150 | S12: 46150
A13: 7 | C13: 현행시스템 분석 | J13: =IF(OR(ISBLANK($K13), ISBLANK($L13)),"",IF($P13<$N13, "지연", ""))
A14: 8 | D14: 기능분해 | F14: ○ | G14: 작업 | H14: APFS-2026-120-AN03_기능분해도_v0.1 | I14: 개발팀 | J14: =IF(OR(ISBLANK($K14), ISBLANK($L14)),"",IF($P14<$N14, "지연", "")) | K14: 46153 | L14: 46213 | M14: =IF(OR(ISBLANK($K14), ISBLANK($L14)),"",NETWORKDAYS($K14,$L14)) -> 45 | N14: 1 | O14: PM확인(100%) | P14: 1 | Q14: 46153 | R14: 46213 | S14: 46213
A15: 9 | D15: DB분석 | F15: ○ | G15: 작업 | H15: APFS-2026-120-AN04_현행데이터분석서_v0.1 | I15: 개발팀 | J15: =IF(OR(ISBLANK($K15), ISBLANK($L15)),"",IF($P15<$N15, "지연", "")) | K15: 46153 | L15: 46213 | M15: =IF(OR(ISBLANK($K15), ISBLANK($L15)),"",NETWORKDAYS($K15,$L15)) -> 45 | N15: 1 | O15: PM확인(100%) | P15: 1 | Q15: 46153 | R15: 46213 | S15: 46213
A16: 10 | D16: 기술적용계획표 점검 | F16: ○ | G16: 작업 | H16: APFS-2026-120-AN05_기술적용계획표_v1.0 | I16: 개발팀 | J16: =IF(OR(ISBLANK($K16), ISBLANK($L16)),"",IF($P16<$N16, "지연", "")) | K16: 46153 | L16: 46213 | M16: =IF(OR(ISBLANK($K16), ISBLANK($L16)),"",NETWORKDAYS($K16,$L16)) -> 45 | N16: 1 | O16: PM확인(100%) | P16: 1 | Q16: 46153 | R16: 46213 | S16: 46213
A17: 11 | C17: 분석 단계 검토 | J17: =IF(OR(ISBLANK($K17), ISBLANK($L17)),"",IF($P17<$N17, "지연", ""))
A18: 12 | D18: 개발팀 Inspection | F18: ○ | G18: 작업 | H18: APFS-2026-120-AN07_분석단계품질활동결과서_v1.0 | I18: 개발팀(pm) | J18: =IF(OR(ISBLANK($K18), ISBLANK($L18)),"",IF($P18<$N18, "지연", "")) | K18: 46153 | L18: 46213 | M18: =IF(OR(ISBLANK($K18), ISBLANK($L18)),"",NETWORKDAYS($K18,$L18)) -> 45 | N18: 1 | O18: PM확인(100%) | P18: 1 | Q18: 46153 | R18: 46213 | S18: 46213
A19: 13 | D19: 고객검토 및 승인 | J19: =IF(OR(ISBLANK($K19), ISBLANK($L19)),"",IF($P19<$N19, "지연", "")) | K19: 46168 | L19: 46213 | M19: =IF(OR(ISBLANK($K19), ISBLANK($L19)),"",NETWORKDAYS($K19,$L19)) -> 34 | N19: 1 | O19: PM확인(100%) | P19: 1 | Q19: 46168 | R19: 46213 | S19: 46213
A20: 14 | E20: 고객검토 실시 | F20: ○ | G20: 작업 | H20: APFS-2026-120-AN08_발주사검토결과서_v1.0 | I20: 기획팀(pm) | J20: =IF(OR(ISBLANK($K20), ISBLANK($L20)),"",IF($P20<$N20, "지연", "")) | K20: 46168 | L20: 46213 | M20: =IF(OR(ISBLANK($K20), ISBLANK($L20)),"",NETWORKDAYS($K20,$L20)) -> 34 | N20: 1 | O20: PM확인(100%) | P20: 1 | Q20: 46168 | R20: 46213 | S20: 46213
A21: 15 | E21: 산출물 보완 | F21: ○ | G21: 작업 | H21: APFS-2026-120-AN09_시정조치계획서_v1.0 | I21: 기획팀 | J21: =IF(OR(ISBLANK($K21), ISBLANK($L21)),"",IF($P21<$N21, "지연", "")) | K21: 46168 | L21: 46213 | M21: =IF(OR(ISBLANK($K21), ISBLANK($L21)),"",NETWORKDAYS($K21,$L21)) -> 34 | N21: 1 | O21: PM확인(100%) | P21: 1 | Q21: 46168 | R21: 46213 | S21: 46213
A22: 16 | D22: 요구사항추적메트릭스 Update | F22: ○ | G22: 작업 | H22: APFS-2026-120-AN06_요구사항추적표_v1.0 | I22: 개발팀/기획팀 | J22: =IF(OR(ISBLANK($K22), ISBLANK($L22)),"",IF($P22<$N22, "지연", "")) | K22: 46168 | L22: 46213 | M22: =IF(OR(ISBLANK($K22), ISBLANK($L22)),"",NETWORKDAYS($K22,$L22)) -> 34 | N22: 1 | O22: PM확인(100%) | P22: 1 | Q22: 46168 | R22: 46213 | S22: 46213
A23: 17 | D23: 다음 단계 일정 상세화 | F23: ○ | G23: 작업 | H23: APFS-2026-120-PP01_프로젝트일정계획표_v1.0 | I23: 기획팀 | J23: =IF(OR(ISBLANK($K23), ISBLANK($L23)),"",IF($P23<$N23, "지연", "")) | K23: 46168 | L23: 46213 | M23: =IF(OR(ISBLANK($K23), ISBLANK($L23)),"",NETWORKDAYS($K23,$L23)) -> 34 | N23: 1 | O23: PM확인(100%) | P23: 1 | Q23: 46168 | R23: 46213 | S23: 46213
A24: 18 | B24: 설계
A25: 19 | C25: 아키텍처정의 | J25: =IF(OR(ISBLANK($K25), ISBLANK($L25)),"",IF($P25<$N25, "지연", ""))
A26: 20 | D26: 아키텍처 정의 | F26: ○ | G26: 작업 | H26: APFS-2026-120-DE01_아키텍처정의서_v1.0 | I26: 개발팀 | J26: =IF(OR(ISBLANK($K26), ISBLANK($L26)),"",IF($P26<$N26, "지연", "")) | K26: 46209 | L26: 46290 | M26: =IF(OR(ISBLANK($K26), ISBLANK($L26)),"",NETWORKDAYS($K26,$L26)) -> 60 | N26: 0.2 | O26: 착수(20%) | P26: =IF($O26="PM확인(100%)", 1, IF($O26="PL검토(90%)", 0.9, IF($O26="수행(70%)", 0.7, IF($O26="착수(20%)", 0.2, IF($O26="미착수(0%)",0,""))))) -> 0.2 | Q26: 46209 | R26: 46297
A27: 21 | D27: 개발환경검토 | F27: ○ | G27: 작업 | H27: APFS-2026-120-DE01_아키텍처정의서_v1.0 | I27: 개발팀 | K27: 46209 | L27: 46290 | M27: =IF(OR(ISBLANK($K27), ISBLANK($L27)),"",NETWORKDAYS($K27,$L27)) -> 60 | N27: 0.2 | O27: 착수(20%) | P27: =IF($O27="PM확인(100%)", 1, IF($O27="PL검토(90%)", 0.9, IF($O27="수행(70%)", 0.7, IF($O27="착수(20%)", 0.2, IF($O27="미착수(0%)",0,""))))) -> 0.2 | Q27: 46209 | R27: 46297
A28: 22 | D28: 디자인 시안 | F28: ○ | G28: 작업 | H28: APFS-2026-120-DE04_화면스타일가이드_v1.0 | I28: 디자인팀 | K28: 46209 | L28: 46290 | M28: =IF(OR(ISBLANK($K28), ISBLANK($L28)),"",NETWORKDAYS($K28,$L28)) -> 60 | N28: 0.2 | O28: 착수(20%) | P28: =IF($O28="PM확인(100%)", 1, IF($O28="PL검토(90%)", 0.9, IF($O28="수행(70%)", 0.7, IF($O28="착수(20%)", 0.2, IF($O28="미착수(0%)",0,""))))) -> 0.2 | Q28: 46209 | R28: 46297
A29: 23 | D29: 디자인스타일가이드 | F29: ○ | G29: 작업 | H29: APFS-2026-120-DE04_화면스타일가이드_v1.0 | I29: 디자인팀 | K29: 46209 | L29: 46290 | M29: =IF(OR(ISBLANK($K29), ISBLANK($L29)),"",NETWORKDAYS($K29,$L29)) -> 60 | N29: 0.2 | O29: 착수(20%) | P29: =IF($O29="PM확인(100%)", 1, IF($O29="PL검토(90%)", 0.9, IF($O29="수행(70%)", 0.7, IF($O29="착수(20%)", 0.2, IF($O29="미착수(0%)",0,""))))) -> 0.2 | Q29: 46209 | R29: 46297
A30: 24 | D30: 개발표준 정의 | F30: ○ | G30: 작업 | H30: APFS-2026-120-DE03_개발표준정의서_v1.0 | I30: 개발팀 | J30: =IF(OR(ISBLANK($K30), ISBLANK($L30)),"",IF($P30<$N30, "지연", "")) | K30: 46209 | L30: 46290 | M30: =IF(OR(ISBLANK($K30), ISBLANK($L30)),"",NETWORKDAYS($K30,$L30)) -> 60 | N30: 0.2 | O30: 착수(20%) | P30: =IF($O30="PM확인(100%)", 1, IF($O30="PL검토(90%)", 0.9, IF($O30="수행(70%)", 0.7, IF($O30="착수(20%)", 0.2, IF($O30="미착수(0%)",0,""))))) -> 0.2 | Q30: 46209 | R30: 46297
A31: 25 | C31: 기본설계
A32: 26 | D32: 응용시스템 구조설계 | F32: ○ | G32: 작업 | H32: APFS-2026-120-DE02_어플리케이션구조도_v1.0 | I32: 개발팀 | K32: 46209 | L32: 46290 | M32: =IF(OR(ISBLANK($K32), ISBLANK($L32)),"",NETWORKDAYS($K32,$L32)) -> 60 | N32: 0.2 | O32: 착수(20%) | P32: =IF($O32="PM확인(100%)", 1, IF($O32="PL검토(90%)", 0.9, IF($O32="수행(70%)", 0.7, IF($O32="착수(20%)", 0.2, IF($O32="미착수(0%)",0,""))))) -> 0.2 | Q32: 46209 | R32: 46297
A33: 27 | D33: 프로그램 목록 정의 | F33: ○ | G33: 작업 | H33: APFS-2026-120-DE05_프로그램목록_v1.0 | I33: 개발팀 | K33: 46209 | L33: 46290 | M33: =IF(OR(ISBLANK($K33), ISBLANK($L33)),"",NETWORKDAYS($K33,$L33)) -> 60 | N33: 0.2 | O33: 착수(20%) | P33: =IF($O33="PM확인(100%)", 1, IF($O33="PL검토(90%)", 0.9, IF($O33="수행(70%)", 0.7, IF($O33="착수(20%)", 0.2, IF($O33="미착수(0%)",0,""))))) -> 0.2 | Q33: 46209 | R33: 46297
A34: 28 | D34: 화면 설계 | F34: ○ | G34: 작업 | H34: APFS-2026-120-DE06_화면설계서_v1.0 | I34: 기획팀 | K34: 46209 | L34: 46290 | M34: =IF(OR(ISBLANK($K34), ISBLANK($L34)),"",NETWORKDAYS($K34,$L34)) -> 60 | N34: 0.2 | O34: 착수(20%) | P34: =IF($O34="PM확인(100%)", 1, IF($O34="PL검토(90%)", 0.9, IF($O34="수행(70%)", 0.7, IF($O34="착수(20%)", 0.2, IF($O34="미착수(0%)",0,""))))) -> 0.2 | Q34: 46209 | R34: 46297
A35: 29 | D35: 보고서 설계 | F35: ○ | G35: 작업 | H35: APFS-2026-120-DE07_보고서설계서_v1.0 | I35: 기획팀 | K35: 46209 | L35: 46290 | M35: =IF(OR(ISBLANK($K35), ISBLANK($L35)),"",NETWORKDAYS($K35,$L35)) -> 60 | N35: 0.2 | O35: 착수(20%) | P35: =IF($O35="PM확인(100%)", 1, IF($O35="PL검토(90%)", 0.9, IF($O35="수행(70%)", 0.7, IF($O35="착수(20%)", 0.2, IF($O35="미착수(0%)",0,""))))) -> 0.2 | Q35: 46209 | R35: 46297
A36: 30 | D36: 인터페이스설계 | F36: ○ | G36: 작업 | H36: APFS-2026-120-DE08_인터페이스설계서_v1.0 | I36: 개발팀 | K36: 46209 | L36: 46290 | M36: =IF(OR(ISBLANK($K36), ISBLANK($L36)),"",NETWORKDAYS($K36,$L36)) -> 60 | N36: 0.2 | O36: 착수(20%) | P36: =IF($O36="PM확인(100%)", 1, IF($O36="PL검토(90%)", 0.9, IF($O36="수행(70%)", 0.7, IF($O36="착수(20%)", 0.2, IF($O36="미착수(0%)",0,""))))) -> 0.2 | Q36: 46209 | R36: 46297
A37: 31 | C37: 표준화 계획수립
A38: 32 | D38: 표준화 계획수립 | F38: ○ | G38: 작업 | H38: APFS-2026-120-DE09_DB표준화계획서_v1.0 | I38: 개발팀 | K38: 46209 | L38: 46290 | M38: =IF(OR(ISBLANK($K38), ISBLANK($L38)),"",NETWORKDAYS($K38,$L38)) -> 60 | N38: 0.2 | O38: 착수(20%) | P38: =IF($O38="PM확인(100%)", 1, IF($O38="PL검토(90%)", 0.9, IF($O38="수행(70%)", 0.7, IF($O38="착수(20%)", 0.2, IF($O38="미착수(0%)",0,""))))) -> 0.2 | Q38: 46209 | R38: 46297
A39: 33 | C39: 표준항목 개발/확정 | P39: =IF($O39="PM확인(100%)", 1, IF($O39="PL검토(90%)", 0.9, IF($O39="수행(70%)", 0.7, IF($O39="착수(20%)", 0.2, IF($O39="미착수(0%)",0,"")))))
A40: 34 | D40: 표준항목개발 | F40: ○ | G40: 작업 | H40: APFS-2026-120-DE10_표준항목정의서_v1.0 | I40: 개발팀/기획팀 | K40: 46209 | L40: 46290 | M40: =IF(OR(ISBLANK($K40), ISBLANK($L40)),"",NETWORKDAYS($K40,$L40)) -> 60 | N40: 1 | O40: PM확인(100%) | P40: =IF($O40="PM확인(100%)", 1, IF($O40="PL검토(90%)", 0.9, IF($O40="수행(70%)", 0.7, IF($O40="착수(20%)", 0.2, IF($O40="미착수(0%)",0,""))))) -> 1 | Q40: 46209 | R40: 46290
A41: 35 | D41: 표준용어개발 | F41: ○ | G41: 작업 | H41: APFS-2026-120-DE11_표준용어정의서_v1.0 | I41: 개발팀/기획팀 | K41: 46209 | L41: 46290 | M41: =IF(OR(ISBLANK($K41), ISBLANK($L41)),"",NETWORKDAYS($K41,$L41)) -> 60 | N41: 1 | O41: PM확인(100%) | P41: =IF($O41="PM확인(100%)", 1, IF($O41="PL검토(90%)", 0.9, IF($O41="수행(70%)", 0.7, IF($O41="착수(20%)", 0.2, IF($O41="미착수(0%)",0,""))))) -> 1 | Q41: 46209 | R41: 46290
A42: 36 | D42: 표준도메인개발 | F42: ○ | G42: 작업 | H42: APFS-2026-120-DE12_표준도메인정의서_v1.0 | I42: 개발팀 | K42: 46209 | L42: 46290 | M42: =IF(OR(ISBLANK($K42), ISBLANK($L42)),"",NETWORKDAYS($K42,$L42)) -> 60 | N42: 1 | O42: PM확인(100%) | P42: =IF($O42="PM확인(100%)", 1, IF($O42="PL검토(90%)", 0.9, IF($O42="수행(70%)", 0.7, IF($O42="착수(20%)", 0.2, IF($O42="미착수(0%)",0,""))))) -> 1 | Q42: 46209 | R42: 46290
A43: 37 | D43: 표준코드개발 | F43: ○ | G43: 작업 | H43: APFS-2026-120-DE13_표준코드정의서_v1.0 | I43: 개발팀 | K43: 46209 | L43: 46290 | M43: =IF(OR(ISBLANK($K43), ISBLANK($L43)),"",NETWORKDAYS($K43,$L43)) -> 60 | N43: 1 | O43: PM확인(100%) | P43: =IF($O43="PM확인(100%)", 1, IF($O43="PL검토(90%)", 0.9, IF($O43="수행(70%)", 0.7, IF($O43="착수(20%)", 0.2, IF($O43="미착수(0%)",0,""))))) -> 1 | Q43: 46209 | R43: 46290
A44: 38 | C44: 데이터 모델링 | J44: =IF(OR(ISBLANK($K44), ISBLANK($L44)),"",IF($P44<$N44, "지연", ""))
A45: 39 | D45: 엔티티식별 | F45: ○ | G45: 작업 | H45: APFS-2026-120-DE16_테이블정의서_v1.0 | I45: 개발팀 | J45: =IF(OR(ISBLANK($K45), ISBLANK($L45)),"",IF($P45<$N45, "지연", "")) | K45: 46209 | L45: 46290 | M45: =IF(OR(ISBLANK($K45), ISBLANK($L45)),"",NETWORKDAYS($K45,$L45)) -> 60 | N45: 0.2 | O45: 착수(20%) | P45: =IF($O45="PM확인(100%)", 1, IF($O45="PL검토(90%)", 0.9, IF($O45="수행(70%)", 0.7, IF($O45="착수(20%)", 0.2, IF($O45="미착수(0%)",0,""))))) -> 0.2 | Q45: 46209 | R45: 46297
A46: 40 | D46: 데이터모델 작성 | F46: ○ | G46: 작업 | H46: APFS-2026-120-DE16_테이블정의서_v1.0 | I46: 개발팀 | J46: =IF(OR(ISBLANK($K46), ISBLANK($L46)),"",IF($P46<$N46, "지연", "")) | K46: 46209 | L46: 46290 | M46: =IF(OR(ISBLANK($K46), ISBLANK($L46)),"",NETWORKDAYS($K46,$L46)) -> 60 | N46: 0.2 | O46: 착수(20%) | P46: =IF($O46="PM확인(100%)", 1, IF($O46="PL검토(90%)", 0.9, IF($O46="수행(70%)", 0.7, IF($O46="착수(20%)", 0.2, IF($O46="미착수(0%)",0,""))))) -> 0.2 | Q46: 46209 | R46: 46297
A47: 41 | D47: 데이터모델 작성 | F47: ○ | G47: 작업 | H47: APFS-2026-120-DE12_표준도메인정의서_v1.0 | I47: 개발팀 | K47: 46209 | L47: 46290 | M47: =IF(OR(ISBLANK($K47), ISBLANK($L47)),"",NETWORKDAYS($K47,$L47)) -> 60 | N47: 0.2 | O47: 착수(20%) | P47: =IF($O47="PM확인(100%)", 1, IF($O47="PL검토(90%)", 0.9, IF($O47="수행(70%)", 0.7, IF($O47="착수(20%)", 0.2, IF($O47="미착수(0%)",0,""))))) -> 0.2 | Q47: 46209 | R47: 46297
A48: 42 | D48: 데이터모델 작성 | F48: ○ | G48: 작업 | H48: APFS-2026-120-DE14_물리논리데이터모델_v1.0 | I48: 개발팀 | K48: 46209 | L48: 46290 | M48: =IF(OR(ISBLANK($K48), ISBLANK($L48)),"",NETWORKDAYS($K48,$L48)) -> 60 | N48: 0.2 | O48: 착수(20%) | P48: =IF($O48="PM확인(100%)", 1, IF($O48="PL검토(90%)", 0.9, IF($O48="수행(70%)", 0.7, IF($O48="착수(20%)", 0.2, IF($O48="미착수(0%)",0,""))))) -> 0.2 | Q48: 46209 | R48: 46297
A49: 43 | C49: 프로세스 대 데이터 상관분석 | F49: ○ | G49: 작업 | H49: APFS-2026-120-DE15_프로세스대엔티티상관도_v1.0 | I49: 개발팀 | K49: 46209 | L49: 46290 | M49: =IF(OR(ISBLANK($K49), ISBLANK($L49)),"",NETWORKDAYS($K49,$L49)) -> 60 | N49: 0.2 | O49: 착수(20%) | P49: =IF($O49="PM확인(100%)", 1, IF($O49="PL검토(90%)", 0.9, IF($O49="수행(70%)", 0.7, IF($O49="착수(20%)", 0.2, IF($O49="미착수(0%)",0,""))))) -> 0.2 | Q49: 46209 | R49: 46297
A50: 44 | C50: 표준화항목적용 | P50: =IF($O50="PM확인(100%)", 1, IF($O50="PL검토(90%)", 0.9, IF($O50="수행(70%)", 0.7, IF($O50="착수(20%)", 0.2, IF($O50="미착수(0%)",0,"")))))
A51: 45 | D51: 표준화항목적용 | F51: ○ | G51: 작업 | H51: APFS-2026-120-DE17_코드설계서_v1.0 | I51: 개발팀 | K51: 46209 | L51: 46290 | M51: =IF(OR(ISBLANK($K51), ISBLANK($L51)),"",NETWORKDAYS($K51,$L51)) -> 60 | N51: 0.2 | O51: 착수(20%) | P51: =IF($O51="PM확인(100%)", 1, IF($O51="PL검토(90%)", 0.9, IF($O51="수행(70%)", 0.7, IF($O51="착수(20%)", 0.2, IF($O51="미착수(0%)",0,""))))) -> 0.2 | Q51: 46209 | R51: 46297
A52: 46 | D52: 표준화항목적용 | F52: ○ | G52: 작업 | H52: APFS-2026-120-DE18_코드집_v1.0 | I52: 개발팀 | K52: 46209 | L52: 46290 | M52: =IF(OR(ISBLANK($K52), ISBLANK($L52)),"",NETWORKDAYS($K52,$L52)) -> 60 | N52: 0.2 | O52: 착수(20%) | P52: =IF($O52="PM확인(100%)", 1, IF($O52="PL검토(90%)", 0.9, IF($O52="수행(70%)", 0.7, IF($O52="착수(20%)", 0.2, IF($O52="미착수(0%)",0,""))))) -> 0.2 | Q52: 46209 | R52: 46297
A53: 47 | C53: 데이터설계 | P53: =IF($O53="PM확인(100%)", 1, IF($O53="PL검토(90%)", 0.9, IF($O53="수행(70%)", 0.7, IF($O53="착수(20%)", 0.2, IF($O53="미착수(0%)",0,"")))))
A54: 48 | D54: 데이터베이스 설계 | F54: ○ | G54: 작업 | H54: APFS-2026-120-DE16_테이블정의서_v1.0 | I54: 개발팀 | K54: 46209 | L54: 46290 | M54: =IF(OR(ISBLANK($K54), ISBLANK($L54)),"",NETWORKDAYS($K54,$L54)) -> 60 | N54: 0.2 | O54: 착수(20%) | P54: =IF($O54="PM확인(100%)", 1, IF($O54="PL검토(90%)", 0.9, IF($O54="수행(70%)", 0.7, IF($O54="착수(20%)", 0.2, IF($O54="미착수(0%)",0,""))))) -> 0.2 | Q54: 46209 | R54: 46297
A55: 49 | D55: 데이터베이스 설계 | F55: ○ | G55: 작업 | H55: APFS-2026-120-DE16_테이블정의서_v1.0 | I55: 개발팀 | K55: 46209 | L55: 46290 | M55: =IF(OR(ISBLANK($K55), ISBLANK($L55)),"",NETWORKDAYS($K55,$L55)) -> 60 | N55: 0.2 | O55: 착수(20%) | P55: =IF($O55="PM확인(100%)", 1, IF($O55="PL검토(90%)", 0.9, IF($O55="수행(70%)", 0.7, IF($O55="착수(20%)", 0.2, IF($O55="미착수(0%)",0,""))))) -> 0.2 | Q55: 46209 | R55: 46297
A56: 50 | D56: 데이터베이스 설계 | F56: ○ | G56: 작업 | H56: APFS-2026-120-DE14_물리논리데이터모델_v1.0 | I56: 개발팀 | K56: 46209 | L56: 46290 | M56: =IF(OR(ISBLANK($K56), ISBLANK($L56)),"",NETWORKDAYS($K56,$L56)) -> 60 | N56: 0.2 | O56: 착수(20%) | P56: =IF($O56="PM확인(100%)", 1, IF($O56="PL검토(90%)", 0.9, IF($O56="수행(70%)", 0.7, IF($O56="착수(20%)", 0.2, IF($O56="미착수(0%)",0,""))))) -> 0.2 | Q56: 46209 | R56: 46297
A57: 52 | C57: 상세설계 | P57: =IF($O57="PM확인(100%)", 1, IF($O57="PL검토(90%)", 0.9, IF($O57="수행(70%)", 0.7, IF($O57="착수(20%)", 0.2, IF($O57="미착수(0%)",0,"")))))
A58: 53 | D58: 공통모듈 설계 | F58: ○ | G58: 작업 | H58: APFS-2026-120-DE20_프로그램사양서_v1.0 | I58: 개발팀 | K58: 46209 | L58: 46290 | M58: =IF(OR(ISBLANK($K58), ISBLANK($L58)),"",NETWORKDAYS($K58,$L58)) -> 60 | N58: 0.2 | O58: 착수(20%) | P58: =IF($O58="PM확인(100%)", 1, IF($O58="PL검토(90%)", 0.9, IF($O58="수행(70%)", 0.7, IF($O58="착수(20%)", 0.2, IF($O58="미착수(0%)",0,""))))) -> 0.2 | Q58: 46209 | R58: 46297
A59: 54 | D59: 서버프로그램 설계 | F59: ○ | G59: 작업 | H59: APFS-2026-120-DE20_프로그램사양서_v1.0 | I59: 개발팀 | K59: 46209 | L59: 46290 | M59: =IF(OR(ISBLANK($K59), ISBLANK($L59)),"",NETWORKDAYS($K59,$L59)) -> 60 | N59: 0.2 | O59: 착수(20%) | P59: =IF($O59="PM확인(100%)", 1, IF($O59="PL검토(90%)", 0.9, IF($O59="수행(70%)", 0.7, IF($O59="착수(20%)", 0.2, IF($O59="미착수(0%)",0,""))))) -> 0.2 | Q59: 46209 | R59: 46297
A60: 55 | D60: 배치프로그램 설계 | F60: ○ | G60: 작업 | H60: APFS-2026-120-DE20_프로그램사양서_v1.0 | I60: 개발팀 | K60: 46209 | L60: 46290 | M60: =IF(OR(ISBLANK($K60), ISBLANK($L60)),"",NETWORKDAYS($K60,$L60)) -> 60 | N60: 0.2 | O60: 착수(20%) | P60: =IF($O60="PM확인(100%)", 1, IF($O60="PL검토(90%)", 0.9, IF($O60="수행(70%)", 0.7, IF($O60="착수(20%)", 0.2, IF($O60="미착수(0%)",0,""))))) -> 0.2 | Q60: 46209 | R60: 46297
A61: 56 | D61: 클라이언트 설계 | F61: ○ | G61: 작업 | H61: APFS-2026-120-DE20_프로그램사양서_v1.0 | I61: 개발팀 | K61: 46209 | L61: 46290 | M61: =IF(OR(ISBLANK($K61), ISBLANK($L61)),"",NETWORKDAYS($K61,$L61)) -> 60 | N61: 0.2 | O61: 착수(20%) | P61: =IF($O61="PM확인(100%)", 1, IF($O61="PL검토(90%)", 0.9, IF($O61="수행(70%)", 0.7, IF($O61="착수(20%)", 0.2, IF($O61="미착수(0%)",0,""))))) -> 0.2 | Q61: 46209 | R61: 46297
A62: 57 | C62: 테스트 설계 | J62: =IF(OR(ISBLANK($K62), ISBLANK($L62)),"",IF($P62<$N62, "지연", "")) | P62: =IF($O62="PM확인(100%)", 1, IF($O62="PL검토(90%)", 0.9, IF($O62="수행(70%)", 0.7, IF($O62="착수(20%)", 0.2, IF($O62="미착수(0%)",0,"")))))
A63: 58 | D63: 테스트설계 | F63: ○ | G63: 작업 | H63: APFS-2026-120-DE21_테스트계획서_v1.0 | I63: 개발팀/기획팀 | J63: =IF(OR(ISBLANK($K63), ISBLANK($L63)),"",IF($P63<$N63, "지연", "")) | K63: 46209 | L63: 46290 | M63: =IF(OR(ISBLANK($K63), ISBLANK($L63)),"",NETWORKDAYS($K63,$L63)) -> 60 | N63: 0.2 | O63: 착수(20%) | P63: =IF($O63="PM확인(100%)", 1, IF($O63="PL검토(90%)", 0.9, IF($O63="수행(70%)", 0.7, IF($O63="착수(20%)", 0.2, IF($O63="미착수(0%)",0,""))))) -> 0.2 | Q63: 46209 | R63: 46297
A64: 59 | D64: 인터페이스설계 | F64: ○ | G64: 작업 | H64: APFS-2026-120-DE22_인터페이스테스트계획서_v1.0 | I64: 개발팀 | J64: =IF(OR(ISBLANK($K64), ISBLANK($L64)),"",IF($P64<$N64, "지연", "")) | K64: 46209 | L64: 46290 | M64: =IF(OR(ISBLANK($K64), ISBLANK($L64)),"",NETWORKDAYS($K64,$L64)) -> 60 | N64: 0.2 | O64: 착수(20%) | P64: =IF($O64="PM확인(100%)", 1, IF($O64="PL검토(90%)", 0.9, IF($O64="수행(70%)", 0.7, IF($O64="착수(20%)", 0.2, IF($O64="미착수(0%)",0,""))))) -> 0.2 | Q64: 46209 | R64: 46297
A65: 60 | D65: 성능테스트설계 | F65: ○ | G65: 작업 | H65: APFS-2026-120-DE23_성능테스트계획서_v1.0 | I65: 개발팀 | J65: =IF(OR(ISBLANK($K65), ISBLANK($L65)),"",IF($P65<$N65, "지연", "")) | K65: 46209 | L65: 46290 | M65: =IF(OR(ISBLANK($K65), ISBLANK($L65)),"",NETWORKDAYS($K65,$L65)) -> 60 | N65: 0.2 | O65: 착수(20%) | P65: =IF($O65="PM확인(100%)", 1, IF($O65="PL검토(90%)", 0.9, IF($O65="수행(70%)", 0.7, IF($O65="착수(20%)", 0.2, IF($O65="미착수(0%)",0,""))))) -> 0.2 | Q65: 46209 | R65: 46297
A66: 61 | D66: 단위테스트계획 | F66: ○ | G66: 작업 | H66: APFS-2026-120-DE24_단위테스트계획서_v1.0 | I66: 개발팀/기획팀 | J66: =IF(OR(ISBLANK($K66), ISBLANK($L66)),"",IF($P66<$N66, "지연", "")) | K66: 46209 | L66: 46290 | M66: =IF(OR(ISBLANK($K66), ISBLANK($L66)),"",NETWORKDAYS($K66,$L66)) -> 60 | N66: 0.2 | O66: 착수(20%) | P66: =IF($O66="PM확인(100%)", 1, IF($O66="PL검토(90%)", 0.9, IF($O66="수행(70%)", 0.7, IF($O66="착수(20%)", 0.2, IF($O66="미착수(0%)",0,""))))) -> 0.2 | Q66: 46209 | R66: 46297
A67: 62 | C67: 설계 단계 검토 | J67: =IF(OR(ISBLANK($K67), ISBLANK($L67)),"",IF($P67<$N67, "지연", "")) | P67: =IF($O67="PM확인(100%)", 1, IF($O67="PL검토(90%)", 0.9, IF($O67="수행(70%)", 0.7, IF($O67="착수(20%)", 0.2, IF($O67="미착수(0%)",0,"")))))
A68: 63 | D68: 고객검토 및 승인 | J68: =IF(OR(ISBLANK($K68), ISBLANK($L68)),"",IF($P68<$N68, "지연", "")) | P68: =IF($O68="PM확인(100%)", 1, IF($O68="PL검토(90%)", 0.9, IF($O68="수행(70%)", 0.7, IF($O68="착수(20%)", 0.2, IF($O68="미착수(0%)",0,"")))))
A69: 64 | E69: 고객검토 실시 | F69: ○ | G69: 작업 | H69: APFS-2026-120-AN08_발주사검토결과서_v1.0 | I69: 기획팀 | J69: =IF(OR(ISBLANK($K69), ISBLANK($L69)),"",IF($P69<$N69, "지연", "")) | K69: 46209 | L69: 46290 | M69: =IF(OR(ISBLANK($K69), ISBLANK($L69)),"",NETWORKDAYS($K69,$L69)) -> 60 | N69: 0.2 | O69: 착수(20%) | P69: =IF($O69="PM확인(100%)", 1, IF($O69="PL검토(90%)", 0.9, IF($O69="수행(70%)", 0.7, IF($O69="착수(20%)", 0.2, IF($O69="미착수(0%)",0,""))))) -> 0.2 | Q69: 46209 | R69: 46297
A70: 65 | E70: 산출물 보완 | F70: ○ | G70: 작업 | H70: APFS-2026-120-DE25_시정조치계획및결과서_v1.0 | I70: 기획팀 주도 / 개발팀 협업 | J70: =IF(OR(ISBLANK($K70), ISBLANK($L70)),"",IF($P70<$N70, "지연", "")) | K70: 46209 | L70: 46290 | M70: =IF(OR(ISBLANK($K70), ISBLANK($L70)),"",NETWORKDAYS($K70,$L70)) -> 60 | N70: 0.2 | O70: 착수(20%) | P70: =IF($O70="PM확인(100%)", 1, IF($O70="PL검토(90%)", 0.9, IF($O70="수행(70%)", 0.7, IF($O70="착수(20%)", 0.2, IF($O70="미착수(0%)",0,""))))) -> 0.2 | Q70: 46209 | R70: 46297
A71: 66 | D71: 요구사항추적메트릭스 Update | F71: ○ | G71: 작업 | H71: APFS-2026-120-AN06_요구사항추적표_v1.0 | I71: 개발팀 | J71: =IF(OR(ISBLANK($K71), ISBLANK($L71)),"",IF($P71<$N71, "지연", "")) | K71: 46209 | L71: 46290 | M71: =IF(OR(ISBLANK($K71), ISBLANK($L71)),"",NETWORKDAYS($K71,$L71)) -> 60 | N71: 0.2 | O71: 착수(20%) | P71: =IF($O71="PM확인(100%)", 1, IF($O71="PL검토(90%)", 0.9, IF($O71="수행(70%)", 0.7, IF($O71="착수(20%)", 0.2, IF($O71="미착수(0%)",0,""))))) -> 0.2 | Q71: 46209 | R71: 46297
A72: 67 | D72: 다음 단계 일정 상세화 | F72: ○ | G72: 작업 | H72: APFS-2026-120-PP01_프로젝트일정계획표_v1.0 | I72: 기획팀 | J72: =IF(OR(ISBLANK($K72), ISBLANK($L72)),"",IF($P72<$N72, "지연", "")) | K72: 46209 | L72: 46290 | M72: =IF(OR(ISBLANK($K72), ISBLANK($L72)),"",NETWORKDAYS($K72,$L72)) -> 60 | N72: 0.2 | O72: 착수(20%) | P72: =IF($O72="PM확인(100%)", 1, IF($O72="PL검토(90%)", 0.9, IF($O72="수행(70%)", 0.7, IF($O72="착수(20%)", 0.2, IF($O72="미착수(0%)",0,""))))) -> 0.2 | Q72: 46209 | R72: 46297
A73: 68 | B73: 구현
A74: 69 | C74: 공통사항 개발 | J74: =IF(OR(ISBLANK($K74), ISBLANK($L74)),"",IF($P74<$N74, "지연", "")) | P74: =IF($O74="PM확인(100%)", 1, IF($O74="PL검토(90%)", 0.9, IF($O74="수행(70%)", 0.7, IF($O74="착수(20%)", 0.2, IF($O74="미착수(0%)",0,"")))))
A75: 70 | C75: 구현
A76: 71 | D76: 디자인 및 구조 개편 | F76: ○ | G76: 작업 | H76: 소스코드 | J76: =IF(OR(ISBLANK($K76), ISBLANK($L76)),"",IF($P76<$N76, "지연", "")) | K76: 46300 | L76: 46444 | M76: =IF(OR(ISBLANK($K76), ISBLANK($L76)),"",NETWORKDAYS($K76,$L76)) -> 105 | N76: 0 | O76: 미착수(0%) | P76: =IF($O76="PM확인(100%)", 1, IF($O76="PL검토(90%)", 0.9, IF($O76="수행(70%)", 0.7, IF($O76="착수(20%)", 0.2, IF($O76="미착수(0%)",0,""))))) -> 0
A77: 72 | D77: 웹 접근성 보완 및 개편 | F77: ○ | G77: 작업 | H77: APFS-2026-120-CO08_웹접근성분석결과보고서_v1.0 | J77: =IF(OR(ISBLANK($K77), ISBLANK($L77)),"",IF($P77<$N77, "지연", "")) | K77: 46300 | L77: 46444 | M77: =IF(OR(ISBLANK($K77), ISBLANK($L77)),"",NETWORKDAYS($K77,$L77)) -> 105 | N77: 0 | O77: 미착수(0%) | P77: =IF($O77="PM확인(100%)", 1, IF($O77="PL검토(90%)", 0.9, IF($O77="수행(70%)", 0.7, IF($O77="착수(20%)", 0.2, IF($O77="미착수(0%)",0,""))))) -> 0
A78: 73 | D78: 프로그램 코딩 | J78: =IF(OR(ISBLANK($K78), ISBLANK($L78)),"",IF($P78<$N78, "지연", "")) | K78: 46300 | L78: 46444 | M78: =IF(OR(ISBLANK($K78), ISBLANK($L78)),"",NETWORKDAYS($K78,$L78)) -> 105 | N78: 0 | O78: 미착수(0%) | P78: =IF($O78="PM확인(100%)", 1, IF($O78="PL검토(90%)", 0.9, IF($O78="수행(70%)", 0.7, IF($O78="착수(20%)", 0.2, IF($O78="미착수(0%)",0,""))))) -> 0
A79: 74 | E79: 대시보드 | F79: ○ | G79: 작업 | H79: 소스코드 | J79: =IF(OR(ISBLANK($K79), ISBLANK($L79)),"",IF($P79<$N79, "지연", "")) | K79: 46300 | L79: 46444 | M79: =IF(OR(ISBLANK($K79), ISBLANK($L79)),"",NETWORKDAYS($K79,$L79)) -> 105 | N79: 0 | O79: 미착수(0%) | P79: =IF($O79="PM확인(100%)", 1, IF($O79="PL검토(90%)", 0.9, IF($O79="수행(70%)", 0.7, IF($O79="착수(20%)", 0.2, IF($O79="미착수(0%)",0,""))))) -> 0
A80: 75 | E80: 일정관리 | F80: ○ | G80: 작업 | H80: 소스코드 | J80: =IF(OR(ISBLANK($K80), ISBLANK($L80)),"",IF($P80<$N80, "지연", "")) | K80: 46300 | L80: 46444 | M80: =IF(OR(ISBLANK($K80), ISBLANK($L80)),"",NETWORKDAYS($K80,$L80)) -> 105 | N80: 0 | O80: 미착수(0%) | P80: =IF($O80="PM확인(100%)", 1, IF($O80="PL검토(90%)", 0.9, IF($O80="수행(70%)", 0.7, IF($O80="착수(20%)", 0.2, IF($O80="미착수(0%)",0,""))))) -> 0
A81: 76 | E81: 알림정보 | F81: ○ | G81: 작업 | H81: 소스코드 | J81: =IF(OR(ISBLANK($K81), ISBLANK($L81)),"",IF($P81<$N81, "지연", "")) | K81: 46300 | L81: 46444 | M81: =IF(OR(ISBLANK($K81), ISBLANK($L81)),"",NETWORKDAYS($K81,$L81)) -> 105 | N81: 0 | O81: 미착수(0%) | P81: =IF($O81="PM확인(100%)", 1, IF($O81="PL검토(90%)", 0.9, IF($O81="수행(70%)", 0.7, IF($O81="착수(20%)", 0.2, IF($O81="미착수(0%)",0,""))))) -> 0
A82: 77 | E82: 파일BOX | F82: ○ | G82: 작업 | H82: 소스코드 | J82: =IF(OR(ISBLANK($K82), ISBLANK($L82)),"",IF($P82<$N82, "지연", "")) | K82: 46300 | L82: 46444 | M82: =IF(OR(ISBLANK($K82), ISBLANK($L82)),"",NETWORKDAYS($K82,$L82)) -> 105 | N82: 0 | O82: 미착수(0%) | P82: =IF($O82="PM확인(100%)", 1, IF($O82="PL검토(90%)", 0.9, IF($O82="수행(70%)", 0.7, IF($O82="착수(20%)", 0.2, IF($O82="미착수(0%)",0,""))))) -> 0
A83: 78 | E83: 운용사 명세서 | F83: ○ | G83: 작업 | H83: 소스코드 | J83: =IF(OR(ISBLANK($K83), ISBLANK($L83)),"",IF($P83<$N83, "지연", "")) | K83: 46300 | L83: 46444 | M83: =IF(OR(ISBLANK($K83), ISBLANK($L83)),"",NETWORKDAYS($K83,$L83)) -> 105 | N83: 0 | O83: 미착수(0%) | P83: =IF($O83="PM확인(100%)", 1, IF($O83="PL검토(90%)", 0.9, IF($O83="수행(70%)", 0.7, IF($O83="착수(20%)", 0.2, IF($O83="미착수(0%)",0,""))))) -> 0
A84: 79 | E84: 조합 명세서 | F84: ○ | G84: 작업 | H84: 소스코드 | J84: =IF(OR(ISBLANK($K84), ISBLANK($L84)),"",IF($P84<$N84, "지연", "")) | K84: 46300 | L84: 46444 | M84: =IF(OR(ISBLANK($K84), ISBLANK($L84)),"",NETWORKDAYS($K84,$L84)) -> 105 | N84: 0 | O84: 미착수(0%) | P84: =IF($O84="PM확인(100%)", 1, IF($O84="PL검토(90%)", 0.9, IF($O84="수행(70%)", 0.7, IF($O84="착수(20%)", 0.2, IF($O84="미착수(0%)",0,""))))) -> 0
A85: 80 | E85: 투자기업명세서 | F85: ○ | G85: 작업 | H85: 소스코드 | J85: =IF(OR(ISBLANK($K85), ISBLANK($L85)),"",IF($P85<$N85, "지연", "")) | K85: 46300 | L85: 46444 | M85: =IF(OR(ISBLANK($K85), ISBLANK($L85)),"",NETWORKDAYS($K85,$L85)) -> 105 | N85: 0 | O85: 미착수(0%) | P85: =IF($O85="PM확인(100%)", 1, IF($O85="PL검토(90%)", 0.9, IF($O85="수행(70%)", 0.7, IF($O85="착수(20%)", 0.2, IF($O85="미착수(0%)",0,""))))) -> 0
A86: 81 | E86: 프로젝트명세서 | F86: ○ | G86: 작업 | H86: 소스코드 | J86: =IF(OR(ISBLANK($K86), ISBLANK($L86)),"",IF($P86<$N86, "지연", "")) | K86: 46300 | L86: 46444 | M86: =IF(OR(ISBLANK($K86), ISBLANK($L86)),"",NETWORKDAYS($K86,$L86)) -> 105 | N86: 0 | O86: 미착수(0%) | P86: =IF($O86="PM확인(100%)", 1, IF($O86="PL검토(90%)", 0.9, IF($O86="수행(70%)", 0.7, IF($O86="착수(20%)", 0.2, IF($O86="미착수(0%)",0,""))))) -> 0
A87: 82 | E87: 운용인력명세서 | F87: ○ | G87: 작업 | H87: 소스코드 | J87: =IF(OR(ISBLANK($K87), ISBLANK($L87)),"",IF($P87<$N87, "지연", "")) | K87: 46300 | L87: 46444 | M87: =IF(OR(ISBLANK($K87), ISBLANK($L87)),"",NETWORKDAYS($K87,$L87)) -> 105 | N87: 0 | O87: 미착수(0%) | P87: =IF($O87="PM확인(100%)", 1, IF($O87="PL검토(90%)", 0.9, IF($O87="수행(70%)", 0.7, IF($O87="착수(20%)", 0.2, IF($O87="미착수(0%)",0,""))))) -> 0
A88: 83 | C88: 단위테스트 | J88: =IF(OR(ISBLANK($K88), ISBLANK($L88)),"",IF($P88<$N88, "지연", ""))
A89: 84 | D89: 단위테스트케이스정의 | F89: ○ | G89: 작업 | H89: APFS-2026-120-CO02_단위테스트케이스_v1.0 | I89: 기획팀 | J89: =IF(OR(ISBLANK($K89), ISBLANK($L89)),"",IF($P89<$N89, "지연", "")) | K89: 46300 | L89: 46444 | M89: =IF(OR(ISBLANK($K89), ISBLANK($L89)),"",NETWORKDAYS($K89,$L89)) -> 105 | N89: 0 | O89: 미착수(0%) | P89: =IF($O89="PM확인(100%)", 1, IF($O89="PL검토(90%)", 0.9, IF($O89="수행(70%)", 0.7, IF($O89="착수(20%)", 0.2, IF($O89="미착수(0%)",0,""))))) -> 0
A90: 85 | D90: 인터페이스케이스정의 | F90: ○ | G90: 작업 | H90: APFS-2026-120-CO05_인터페이스테스트케이스_v1.0 | I90: 개발팀 | J90: =IF(OR(ISBLANK($K90), ISBLANK($L90)),"",IF($P90<$N90, "지연", "")) | K90: 46300 | L90: 46444 | M90: =IF(OR(ISBLANK($K90), ISBLANK($L90)),"",NETWORKDAYS($K90,$L90)) -> 105 | N90: 0 | O90: 미착수(0%) | P90: =IF($O90="PM확인(100%)", 1, IF($O90="PL검토(90%)", 0.9, IF($O90="수행(70%)", 0.7, IF($O90="착수(20%)", 0.2, IF($O90="미착수(0%)",0,""))))) -> 0
A91: 86 | D91: 단위테스트 실시 | F91: ○ | G91: 작업 | H91: APFS-2026-120-CO03_단위테스트결함관리대장_v1.0 | I91: 개발팀 | J91: =IF(OR(ISBLANK($K91), ISBLANK($L91)),"",IF($P91<$N91, "지연", "")) | K91: 46300 | L91: 46444 | M91: =IF(OR(ISBLANK($K91), ISBLANK($L91)),"",NETWORKDAYS($K91,$L91)) -> 105 | N91: 0 | O91: 미착수(0%) | P91: =IF($O91="PM확인(100%)", 1, IF($O91="PL검토(90%)", 0.9, IF($O91="수행(70%)", 0.7, IF($O91="착수(20%)", 0.2, IF($O91="미착수(0%)",0,""))))) -> 0
A92: 87 | D92: 단위테스트 실시 | F92: ○ | G92: 작업 | H92: APFS-2026-120-CO04_단위테스트결과서_v1.0 | I92: 개발팀 | J92: =IF(OR(ISBLANK($K92), ISBLANK($L92)),"",IF($P92<$N92, "지연", "")) | K92: 46300 | L92: 46444 | M92: =IF(OR(ISBLANK($K92), ISBLANK($L92)),"",NETWORKDAYS($K92,$L92)) -> 105 | N92: 0 | O92: 미착수(0%) | P92: =IF($O92="PM확인(100%)", 1, IF($O92="PL검토(90%)", 0.9, IF($O92="수행(70%)", 0.7, IF($O92="착수(20%)", 0.2, IF($O92="미착수(0%)",0,""))))) -> 0
A93: 88 | D93: 단위테스트 실시 | F93: ○ | G93: 작업 | H93: APFS-2026-120-CO06_인터페이스결함관리대장_v1.0 | I93: 개발팀 | J93: =IF(OR(ISBLANK($K93), ISBLANK($L93)),"",IF($P93<$N93, "지연", "")) | K93: 46300 | L93: 46444 | M93: =IF(OR(ISBLANK($K93), ISBLANK($L93)),"",NETWORKDAYS($K93,$L93)) -> 105 | N93: 0 | O93: 미착수(0%) | P93: =IF($O93="PM확인(100%)", 1, IF($O93="PL검토(90%)", 0.9, IF($O93="수행(70%)", 0.7, IF($O93="착수(20%)", 0.2, IF($O93="미착수(0%)",0,""))))) -> 0
A94: 89 | D94: 단위테스트 실시 | F94: ○ | G94: 작업 | H94: APFS-2026-120-CO07_인터페이스테스트결과서_v1.0 | I94: 개발팀 | K94: 46300 | L94: 46444 | M94: =IF(OR(ISBLANK($K94), ISBLANK($L94)),"",NETWORKDAYS($K94,$L94)) -> 105 | N94: 0 | O94: 미착수(0%) | P94: =IF($O94="PM확인(100%)", 1, IF($O94="PL검토(90%)", 0.9, IF($O94="수행(70%)", 0.7, IF($O94="착수(20%)", 0.2, IF($O94="미착수(0%)",0,""))))) -> 0
A95: 90 | C95: 투자자산관리 | J95: =IF(OR(ISBLANK($K95), ISBLANK($L95)),"",IF($P95<$N95, "지연", "")) | P95: =IF($O95="PM확인(100%)", 1, IF($O95="PL검토(90%)", 0.9, IF($O95="수행(70%)", 0.7, IF($O95="착수(20%)", 0.2, IF($O95="미착수(0%)",0,"")))))
A96: 91 | C96: 구현 | D96: 프로그램 코딩 | J96: =IF(OR(ISBLANK($K96), ISBLANK($L96)),"",IF($P96<$N96, "지연", "")) | P96: =IF($O96="PM확인(100%)", 1, IF($O96="PL검토(90%)", 0.9, IF($O96="수행(70%)", 0.7, IF($O96="착수(20%)", 0.2, IF($O96="미착수(0%)",0,"")))))
A97: 92 | D97: 모태펀드 관리
A98: 93 | E98: 자펀드 공고 정보관리 | F98: ○ | G98: 작업 | H98: 소스코드 | K98: 46300 | L98: 46444 | M98: =IF(OR(ISBLANK($K98), ISBLANK($L98)),"",NETWORKDAYS($K98,$L98)) -> 105 | N98: 0 | O98: 미착수(0%) | P98: =IF($O98="PM확인(100%)", 1, IF($O98="PL검토(90%)", 0.9, IF($O98="수행(70%)", 0.7, IF($O98="착수(20%)", 0.2, IF($O98="미착수(0%)",0,""))))) -> 0
A99: 94 | E99: 모태펀드 조성 및 출자현황 | F99: ○ | G99: 작업 | H99: 소스코드 | K99: 46300 | L99: 46444 | M99: =IF(OR(ISBLANK($K99), ISBLANK($L99)),"",NETWORKDAYS($K99,$L99)) -> 105 | N99: 0 | O99: 미착수(0%) | P99: =IF($O99="PM확인(100%)", 1, IF($O99="PL검토(90%)", 0.9, IF($O99="수행(70%)", 0.7, IF($O99="착수(20%)", 0.2, IF($O99="미착수(0%)",0,""))))) -> 0
A100: 95 | D100: 조합관리
A101: 96 | E101: 자펀드정보관리 | F101: ○ | G101: 작업 | H101: 소스코드 | K101: 46300 | L101: 46444 | M101: =IF(OR(ISBLANK($K101), ISBLANK($L101)),"",NETWORKDAYS($K101,$L101)) -> 105 | N101: 0 | O101: 미착수(0%) | P101: =IF($O101="PM확인(100%)", 1, IF($O101="PL검토(90%)", 0.9, IF($O101="수행(70%)", 0.7, IF($O101="착수(20%)", 0.2, IF($O101="미착수(0%)",0,""))))) -> 0
...

Sheet 메뉴구성도
A1: 새로운 메뉴 구성(이대표님 작성) | D1: 현 시스템 매칭 | H1: 현 시스템 매칭 | L1: 현 시스템 매칭 | P1: 현 시스템 매칭 | T1: 현 시스템 매칭 | Y1: html
A2: 투자자산관리 | D2: ffms | E2: 조기경보 | H2: risk | I2: 자펀드 보고 | L2: report | M2: 회계 | P2: 회계 | Q2: 부처보고 | T2: brief / trust | V2: 로그인
B4: 모태펀드 관리 | D4: ffms > 모태펀드 관리 | F4: 조기경보 | H4: risk > 조기경보 | J4: 운영기관정보 | L4: 신규(현행 없음) | N4: 기초관리 | P4: 회계 > 기초관리 | R4: 모태펀드 | T4: brief > 모태펀드 | W4: 로그인
C5: 자펀드 공고 정보관리 | D5: ffms > 모태펀드 관리 > 자펀드 공고 정보관리 | G5: 조기경보 관리 | H5: risk > 조기경보 > 조기경보 조회 | K5: 운용사별 공통코드 정보 | L5: 신규(현행 없음) | O5: 계정과목 관리 | P5: 회계 > 기초관리 > 계정과목 관리 | S5: 연도별투자현황 | T5: brief > 모태펀드 > 연도별투자현황 | X5: 로그인 | Y5: S0_001_로그인.html
C6: 모태펀드 조성 및 출자현황 | D6: ffms > 모태펀드 관리 > 모태펀드 조성 및 출자현황 | G6: 운용사별 조기경보 조회 | H6: risk > 조기경보 > 운용사별 조기경보 조회 | K6: 운용사 정보 | L6: 신규(현행 없음) | O6: 결산양식 관리 | P6: 회계 > 기초관리 > 결산양식 관리 | R6: 등록원부 | T6: brief > 등록원부 | X6: 발급온보딩 | Y6: S0_002_발급온보딩.html
B7: 조합관리 | D7: ffms > 자펀드 관리 | G7: 자펀드별 조기경보 조회 | H7: risk > 조기경보 > 자펀드별 조기경보 조회 | K7: 운용사 인력현황 | L7: risk > 조기경보 > 운용인력 변동관리 | N7: 전표관리 | P7: 회계 > 전표관리 | S7: 등록원부관리 | T7: brief > 등록원부 > 등록원부관리 | X7: 초대온보딩 | Y7: S0_003_초대온보딩_운용사.html
C8: 자펀드정보관리 | D8: ffms > 자펀드 관리 > 자펀드 관리 / risk > 기초정보 > 자펀드 정보 관리 | G8: 법률/규약위반사항 관리 | H8: risk > 조기경보 > 법률/규약위반사항 관리 | K8: 공동GP펀드별 인력현황 | L8: 신규(현행 없음) | O8: 일반전표 관리 | P8: 회계 > 전표관리 > 일반전표 관리
C9: 조합원정보조회 | D9: ffms > 자펀드 관리 > 조합원정보등록 | G9: 운용사 주주변동관리 | H9: risk > 조기경보 > 운용사 주주변동관리 | K9: 운용사 계정과목 | L9: 신규(현행 없음) | O9: 삭제전표 관리 | P9: 회계 > 전표관리 > 삭제전표 관리
C10: 자편드별조합원조회 | D10: ffms > 자펀드 관리 > 자펀드별조합원관리 | G10: 운용사 소송관리 | H10: risk > 조기경보 > 운용사 소송관리 | K10: 운용사 재무정보 | L10: ffms > 투자기업정보 > 운용사별 재무제표 / ffms > 모니터링 > 운용사 재무정보 조회 | O10: 미결계정 관리 | P10: 회계 > 전표관리 > 미결계정 관리 | Q10: 수탁보고 | T10: trust
B11: 사후보고관리 | D11: ffms > 사후보고관리 | G11: 운용인력 변동관리 | H11: risk > 조기경보 > 운용인력 변동관리 | K11: 운용사 정량지표 보고내역 | L11: risk > 기초정보 > 운용사 정량지표 관리 | O11: 전표증빙 미첨부 관리 | P11: 회계 > 전표관리 > 전표증빙 미첨부 관리
C12: 투심보고 확정 및 승인 | D12: ffms > 사후보고관리 > 투자심의 관리 | G12: 조기경보 결과정보 관리 | H12: risk > 조기경보 > 조기경보 결과정보 관리 | J12: 조합정보 | L12: 신규(현행 없음) | O12: 일마감 | P12: 회계 > 전표관리 > 일마감 | R12: 자펀드 수탁 | T12: trust > 자펀드 수탁
C13: 투심보고 통계 | D13: ffms > 통계 > 투심승인정보조회 | G13: 조기경보 전월 비교 조회 | H13: risk > 조기경보 > 조기경보 전월 비교 조회 | K13: 조합정보 | L13: ffms > 자펀드 관리 > 자펀드 관리 | O13: 전표검색 | P13: 회계 > 전표관리 > 전표검색 | S13: 실물자료관리(업로드) | T13: trust > 자펀드 수탁 > 실물자료관리(업로드)
C14: 내부 투자심의 구성관리 | D14: 신규(현행 없음) | F14: 기업정보 | H14: risk > 기업정보 | K14: 조합원정보조회 | L14: ffms > 자펀드 관리 > 조합원정보등록 / 자펀드별조합원관리 | N14: 장부조회 | P14: 회계 > 장부조회 | S14: 실물검증비교조회 | T14: trust > 자펀드 수탁 > 실물검증비교조회
C15: 체크리스트 관리 | D15: 신규(현행 없음) | G15: 투자기업정보(NICE평가정보) | H15: risk > 기업정보 > 기업개요 / 업체사업장정보 / 법정관리및화의정보 | K15: 조합 투자운용인력 | L15: risk > 조기경보 > 운용인력 변동관리 | O15: 일/월계표 | P15: 회계 > 장부조회 > 일/월계표 | S15: 유가증권관리(업로드) | T15: 신규(현행 없음)
C16: 수시보고 확인 | D16: ffms > 사후보고관리 > 수시보고 / report > 일일보고조회 > 조합별 수시보고 현황 | G16: 투자기업신용정보 조회 | H16: risk > 기업정보 > 신용등급 / 현금흐름등급 | K16: 조합 월별/반기별 보고현황 | L16: report > 월간보고조회 > 조합별 월간보고 현황 / report > 반기보고조회 > 조합별 반기보고 현황 | O16: 계정별보조부 | P16: 회계 > 장부조회 > 계정별보조부 | S16: 유가증권비교조회 | T16: 신규(현행 없음)
C17: 정기보고 | D17: ffms > 사후보고관리 > 정기보고 / ffms > 통계 > 정기보고회수내역 | F17: 자펀드정보 | H17: risk > 기초정보 | K17: 조합 재무현황 | L17: 신규(현행 없음) | O17: 총계정원장 | P17: 회계 > 장부조회 > 총계정원장 | S17: 공통코드조회 | T17: trust > 자펀드 수탁 > 공통코드조회
C18: 조합원총회 | D18: ffms > 사후보고관리 > 조합원총회 | G18: 운용사 정량지표 관리 | H18: risk > 기초정보 > 운용사 정량지표 관리 | K18: 조합 계좌현황 | L18: 신규(현행 없음) | O18: 재무상태표 | P18: 회계 > 장부조회 > 재무상태표 | S18: 자펀드코드 조회 | T18: trust > 자펀드 수탁 > 자펀드코드 조회
C19: 조합예상자금요청보고 | D19: ffms > 사후보고관리 > 조합예상자금요청보고 | G19: 운용사 유형별 정량지표 변동 조회 | H19: risk > 통계정보 > 운용사 유형별 정량지표 변동 | K19: 조합Call 요청일정 및 보고 | L19: ffms > 사후보고관리 > 조합예상자금요청보고 | O19: 손익계산서 | P19: 회계 > 장부조회 > 손익계산서 | R19: 모태펀드 수탁 | T19: trust > 모태펀드 수탁
B20: 자펀드 관리 | D20: ffms > 자펀드 관리 | G20: 운용사 재무정보 비교 조회 | H20: risk > 기초정보 > 운용사 재무정보 비교 조회 | K20: 조합 출자/분배 현황 | L20: ffms > 자펀드 관리 > (운용사)출자배분관리 / (농금원)출자배분관리 | O20: 합계잔액시산표 | P20: 회계 > 장부조회 > 합계잔액시산표 | S20: 모태수탁 공통코드 | T20: trust > 모태펀드 수탁 > 모태수탁 공통코드
C21: 자펀드 관리 | D21: ffms > 자펀드 관리 > 자펀드 관리 | G21: 자펀드 수익률정보 비교 조회 | H21: risk > 기초정보 > 자펀드 수익률정보 비교 조회 | K21: 조합원 총회 | L21: ffms > 사후보고관리 > 조합원총회 | N21: 결산관리 | P21: 회계 > 결산관리 | S21: 계좌정보 관리 | T21: trust > 모태펀드 수탁 > 계좌정보 관리
C22: 출자/분배조회(자펀드) | D22: ffms > 자펀드 관리 > (운용사)출자배분관리 | G22: 자펀드 종합등급 변동 조회 | H22: risk > 통계정보 > 종합등급 변동 | K22: 조합 관리보수 및 성과보수 내역 | L22: ffms > 모니터링 > 관리보수관리 | O22: 결산전표 관리 | P22: 회계 > 결산관리 > 결산전표 관리 | S22: 계좌정보 비교조회 | T22: trust > 모태펀드 수탁 > 계좌정보 비교조회
C23: 출자/분배조회(농금원) | D23: ffms > 자펀드 관리 > (농금원)출자배분관리 | F23: 가치평가 | H23: risk > 가치평가 | K23: 조합 수시보고 내역 | L23: report > 일일보고조회 > 조합별 수시보고 현황 / ffms > 사후보고관리 > 수시보고 | O23: 회기생성/전기이월 | P23: 회계 > 결산관리 > 회기생성/전기이월 | S23: 입출금 정보관리 | T23: trust > 모태펀드 수탁 > 입출금 정보관리
C24: 자펀드 투자실적현황 | D24: ffms > 자펀드 관리 > 투자실적 현황(자펀드) | G24: 모태펀드 가치평가 결과조회 | H24: risk > 가치평가 > 모태펀드 가치평가 결과조회 | K24: 조합 유가증권 투자현황(상장주식) | L24: ffms > 자펀드 관리 > 자펀드수탁관리(실물검증) (검토 필요) | N24: 고정자산 | P24: 회계 > 고정자산 | S24: 입출금정보 비교조회 | T24: trust > 모태펀드 수탁 > 입출금정보 비교조회
C25: 자펀드 수탁관리 | D25: ffms > 자펀드 관리 > 자펀드수탁관리(실물검증) / 자펀드수탁관리(확정) | G25: 투자조합 가치평가 결과조회 | H25: risk > 가치평가 > 투자조합 가치평가 결과조회 | J25: 투자자산 | L25: 신규(현행 없음) | O25: 유무형자산관리 | P25: 회계 > 고정자산 > 유무형자산관리
C26: 종합통계(확정) | D26: ffms > 자펀드 관리 > 종합통계 | G26: 피투자회사 가치평가 결과조회 | H26: risk > 가치평가 > 피투자회사 가치평가 결과조회 | K26: 투자기업 정보 | L26: ffms > 투자기업정보 > 투자기업정보 | O26: 감가상각비처리 | P26: 회계 > 고정자산 > 감가상각비처리 | Q26: 기존 | V26: 신규
B27: 투자기업정보 | D27: ffms > 투자기업정보 | G27: 자펀드 투자자산 및 거래내역 조회 | H27: risk > 가치평가 > 자펀드 투자자산 및 거래내역 조회 | K27: 투자기업 고용현황(반기별) | L27: ffms > 투자기업정보 > 투자기업 고용현황보고 | N27: 자금관리 | P27: 회계 > 자금관리 | Q27: 관리자 | V27: 관리자
C28: 투자기업정보(통합) | D28: ffms > 투자기업정보 > 투자기업정보 / risk > 기업정보 > 투자기업정보(전체) | G28: 예외사항레포트 | H28: risk > 가치평가 > 예외사항레포트 | K28: 투자기업 재무정보 | L28: 신규(현행 없음) | O28: 계좌관리 | P28: 회계 > 자금관리 > 계좌관리
C29: 투자기업명세서(통합) | D29: ffms > 투자기업정보 > 투자기업정보(전체) | G29: 평가시점 데이터 확인 | H29: risk > 가치평가 > 평가시점 데이터 확인 | K29: 투자기업 주주명부 | L29: 신규(현행 없음) | O29: 계좌잔액 | P29: 회계 > 자금관리 > 계좌잔액 | R29: 시스템 관리 | W29: 사용자·권한 관리
C30: 투자기업고용현황(통합) | D30: ffms > 투자기업정보 > 투자기업 고용현황보고 | G30: Portfolio Report | H30: risk > 가치평가 > Portfolio Report | K30: 투자자금 실사보고 | L30: ffms > 모니터링 > 투자금 실사보고 | O30: 자금일보 | P30: 회계 > 자금관리 > 자금일보 | S30: 공통코드 관리 | T30: 관리자 > 시스템 관리 > 공통코드 관리 / ffms > 관리자 > 공통코드관리 / risk > 관리자 > 공통코드 관리 | X30: 권한관리 | Y30: S0_102_권한관리.html
C31: 전체 투자실적 | D31: ffms > 투자기업정보 > 전체 투자실적 | G31: 투자기업별(계약별) IRR | H31: risk > 가치평가 > 투자기업별(계약별) IRR | K31: 프로젝트 정보 | L31: 신규(현행 없음) | O31: 출자금현황 정보관리 | P31: 회계 > 자금관리 > 출자금현황 정보관리 | S31: 메뉴 관리 | T31: 관리자 > 시스템 관리 > 메뉴 관리 / ffms > 관리자 > 메뉴관리 / risk > 관리자 > 메뉴 관리 | X31: 사용자관리 | Y31: S0_101_사용자관리.html
C32: 투자실적현황(투자기업) | D32: ffms > 투자기업정보 > 투자실적 현황(투자기업) | G32: 투자기업별 IRR | H32: risk > 가치평가 > 투자기업별 IRR | K32: 투자기업 투심현황 | L32: ffms > 사후보고관리 > 투자심의 관리 | N32: 농식품경영체 | P32: 회계 > 농식품경영체 | S32: 도움말 관리 | T32: 관리자 > 시스템 관리 > 도움말 관리 / risk > 관리자 > 도움말 관리 | X32: 사용자 초대(운용사) | Y32: S0_103_사용자초대_운용사.html
C33: 투자금 회수현황 | D33: ffms > 투자기업정보 > 투자및회수상세정보 | G33: 자펀드별 IRR | H33: risk > 가치평가 > 자펀드별 IRR | K33: 투자 약정정보 | L33: 신규(현행 없음) | O33: 경영체 정보 조회 | P33: 회계 > 농식품경영체 > 경영체 정보 조회 | R33: 사용자 관리 | W33: 시스템 관리
C34: 우수투자기업 관리 | D34: 신규(현행 없음) | K34: 투자 거래정보 | L34: ffms > 투자기업정보 > 투자및회수상세정보 / risk > 가치평가 > 자펀드 투자자산 및 거래내역 조회 | O34: IR정보 조회 | P34: 회계 > 농식품경영체 > IR정보 조회 | S34: 사용자 관리 | T34: 관리자 > 사용자 관리 > 사용자 관리 / ffms > 관리자 > 사용자관리 / brief > 관리자 > 사용자관리 | X34: 프로그램관리 | Y34: S0_108_프로그램관리.html
B35: 운용사 모니터링 | D35: ffms > 모니터링 | J35: 월간보고조회 | L35: report > 월간보고조회 | N35: 설정 | P35: 회계 > 설정 | S35: 사용자 권한 관리 | T35: 관리자 > 사용자 관리 > 사용자 권한 관리 / risk > 관리자 > 사용자권한 관리 / brief > 관리자 > 사용자권한관리 / 사용자조합권한관리 | X35: 메뉴관리 | Y35: S0_105_메뉴관리.html
C36: 운용사 명세서 | D36: ffms > 투자기업정보 > 운용사별 재무제표 (검토 필요) | K36: 조합별 월간보고 현황 | L36: report > 월간보고조회 > 조합별 월간보고 현황 | O36: 휴일관리 | P36: 회계 > 설정 > 휴일관리 | R36: 외부연동 | X36: 코드관리 | Y36: S0_106_코드관리.html
C37: 운용사 재무정보 조회 | D37: ffms > 모니터링 > 운용사 재무정보 조회 / risk > 기초정보 > 운용사 재무정보 비교 조회 | J37: 반기보고조회 | L37: report > 반기보고조회 | O37: 회계거래처관리 | P37: 회계 > 설정 > 회계거래처관리 | S37: 자펀드 코드관리(운용사ERP&수탁기관) | T37: 관리자 > 외부연동 > 자펀드 코드관리(운용사ERP&수탁기관) | W37: 감사·기록
C38: 투자금 실사보고 조회 | D38: ffms > 모니터링 > 투자금 실사보고 | K38: 조합별 반기보고 현황 | L38: report > 반기보고조회 > 조합별 반기보고 현황 | S38: 연계 모니터링(API) | T38: 관리자 > 외부연동 > 연계 모니터링(API) | X38: 권한 변경이력 | Y38: S0_107_권한변경이력.html
C39: 사후관리기록 관리 | D39: ffms > 모니터링 > 사후관리기록 | J39: 실물검증 | L39: report > 실물검증 | S39: 자펀드 보고 양식관리(운용사ERP) | T39: 관리자 > 외부연동 > 자펀드 보고 양식관리(운용사ERP) / ffms > 사후보고관리 > 보고양식관리 | X39: 감사로그 | Y39: S0_104_감사로그.html
C40: 관리보수/성과보수 조회 | D40: ffms > 모니터링 > 관리보수관리 | K40: 조합별 실물검증 결과 보고 | L40: report > 실물검증 > 조합별 실물검증 결과 보고 | R40: 보안
C41: 자펀드 전체 보고현황 | D41: ffms > 모니터링 > 전체 보고현황 | J41: 파일 | L41: report > 업로드 | S41: 개인정보 접속관리 | T41: 관리자 > 보안 > 개인정보 접속관리
K42: 보고 파일 조회 | L42: report > 업로드 > 보고 파일 조회 | S42: 사용자별 권한조회 | T42: 관리자 > 보안 > 사용자별 권한조회 / brief > 관리자 > 사용자권한관리
S43: 사용자별 로그조회 | T43: 관리자 > 보안 > 사용자별 로그조회
R44: 게시판
S45: 게시판 관리 | T45: 관리자 > 게시판 > 게시판 관리
A48: 현 시스템 기반(아래)
A50: 투자자산관리 | B50: ffms | E50: 조기경보 | F50: risk | I50: 자펀드 보고 | J50: report | M50: 회계 | Q50: 부처보고 | R50: brief
B52: 모태펀드 관리 | F52: 조기경보 | J52: 업로드 | N52: 기초관리 | R52: 모태펀드
C53: 자펀드 공고 정보관리 | G53: 운용사별 조기경보 조회 | K53: 보고 파일 조회 | O53: 계정과목 관리 | S53: 연도별투자현황
C54: 모태펀드 조성 및 출자현황 | G54: 자펀드별 조기경보 조회 | J54: 일일보고조회 | O54: 결산양식 관리 | R54: 등록원부
B55: 사후보고관리 | G55: 조기경보 조회 | K55: 조합별 수시보고 현황 | N55: 전표관리 | S55: 등록원부관리
C56: 투자심의 관리 | G56: 법률/규약위반사항 관리 | J56: 월간보고조회 | O56: 일반전표 관리 | R56: 관리자
C57: 수시보고 | G57: 운용사 주주변동관리 | K57: 조합별 월간보고 현황 | O57: 삭제전표 관리 | S57: 사용자관리
C58: 정기보고 | G58: 운용사 소송관리 | J58: 반기보고조회 | O58: 미결계정 관리 | S58: 사용자권한관리
C59: 조합원총회 | G59: 운용인력 변동관리 | K59: 조합별 반기보고 현황 | O59: 전표증빙 미첨부 관리 | S59: 사용자조합권한관리
C60: 조합예상자금요청보고 | G60: 조기경보 결과정보 관리 | J60: 실물검증 | O60: 일마감
C61: 보고양식관리 | G61: 조기경보 전월 비교 조회 | K61: 조합별 실물검증 결과 보고 | O61: 전표검색
C62: 보고 업데이트정보 | F62: 기업정보 | N62: 장부조회 | Q62: 수탁보고 | R62: trust
B63: 자펀드 관리 | G63: 투자기업정보(전체) | O63: 일/월계표
C64: 자펀드 관리 | G64: 기업개요 | O64: 계정별보조부 | R64: 자펀드 수탁
C65: (운용사)출자배분관리 | G65: 업체사업장정보 | O65: 총계정원장 | S65: 실물자료관리(업로드)
C66: 조합원정보등록 | G66: 법정관리및화의정보 | O66: 재무상태표 | S66: 실물검증비교조회
C67: 자펀드별조합원관리 | G67: 현금흐름등급 | O67: 손익계산서 | S67: 공통코드조회
C68: (농금원)출자배분관리 | G68: 신용등급 | O68: 합계잔액시산표 | S68: 자펀드코드 조회
C69: 투자실적 현황(자펀드) | F69: 기초정보 | N69: 결산관리 | R69: 모태펀드 수탁
C70: 종합통계 | G70: 운용사 정량지표 관리 | O70: 결산전표 관리 | S70: 모태수탁 공통코드
C71: 자펀드수탁관리(실물검증) | G71: 자펀드 정보 관리 | O71: 회기생성/전기이월 | S71: 계좌정보 관리
C72: 자펀드수탁관리(확정) | G72: 운용사 재무정보 비교 조회 | N72: 고정자산 | S72: 계좌정보 비교조회
B73: 통계 | G73: 자펀드 수익률정보 비교 조회 | O73: 유무형자산관리 | S73: 입출금 정보관리
C74: 투심승인정보조회 | F74: 통계정보 | O74: 감가상각비처리 | S74: 입출금정보 비교조회
C75: 정기보고회수내역 | G75: 운용사 유형별 정량지표 변동 | N75: 자금관리
B76: 투자기업정보 | G76: 종합등급 변동 | O76: 계좌관리
C77: 투자기업정보 | F77: 가치평가 | O77: 계좌잔액 | Q77: 관리자
C78: 투자기업정보(전체) | G78: 모태펀드 가치평가 결과조회 | O78: 자금일보
C79: 투자기업 고용현황보고 | G79: 투자조합 가치평가 결과조회 | O79: 출자금현황 정보관리 | R79: 시스템 관리
C80: 전체 투자실적 | G80: 피투자회사 가치평가 결과조회 | N80: 농식품경영체 | S80: 공통코드 관리
C81: 투자실적 현황(투자기업) | G81: 자펀드 투자자산 및 거래내역 조회 | O81: 경영체 정보 조회 | S81: 메뉴 관리
C82: 투자및회수상세정보 | G82: 예외사항레포트 | O82: IR정보 조회 | S82: 도움말 관리
C83: 운용사별 재무제표 | G83: 평가시점 데이터 확인 | N83: 설정 | R83: 사용자 관리
B84: 모니터링 | G84: Portfolio Report | O84: 휴일관리 | S84: 사용자 관리
C85: 운용사 재무정보 조회 | G85: 투자기업별(계약별) IRR | O85: 회계거래처관리 | S85: 사용자 권한 관리
C86: 투자금 실사보고 | G86: 투자기업별 IRR | R86: 외부연동
C87: 사후관리기록 | G87: 자펀드별 IRR | S87: 자펀드 코드관리(운용사ERP&수탁기관)
C88: 관리보수관리 | F88: 관리자 | S88: 연계 모니터링(API)
C89: 전체 보고현황 | G89: 메뉴 관리 | S89: 자펀드 보고 양식관리(운용사ERP)
B90: 관리자 | G90: 사용자권한 관리 | R90: 보안
C91: 사용자관리 | G91: 공통코드 관리 | S91: 개인정보 접속관리
C92: 공통코드관리 | G92: 도움말 관리 | S92: 사용자별 권한조회
C93: 메뉴관리 | S93: 사용자별 로그조회
C94: 일일보고 전송관리 | R94: 게시판
S95: 게시판 관리
